"../../../Engine/Plugins/Animation/ACLPlugin/Content/ACLAnimCurveCompressionSettings.uasset" 0
"../../../Engine/Plugins/Animation/ACLPlugin/Content/ACLAnimCurveCompressionSettings.uexp" 1
"../../../Engine/Plugins/Animation/ACLPlugin/Content/ACLAnimBoneCompressionSettings.uasset" 2
"../../../Engine/Plugins/Animation/ACLPlugin/Content/ACLAnimBoneCompressionSettings.uexp" 3
"../../../Engine/Plugins/2D/Paper2D/Content/PlaceholderTextures/DummySpriteTexture.ubulk" 4
"../../../Engine/Plugins/2D/Paper2D/Content/PlaceholderTextures/DummySpriteTexture.uasset" 5
"../../../Engine/Plugins/2D/Paper2D/Content/PlaceholderTextures/DummySpriteTexture.uexp" 6
"../../../Engine/Plugins/2D/Paper2D/Content/DummySprite.uasset" 7
"../../../Engine/Plugins/2D/Paper2D/Content/DummySprite.uexp" 8
"../../../Engine/Plugins/2D/Paper2D/Content/DefaultPaperTerrainMaterial.uasset" 9
"../../../Engine/Plugins/2D/Paper2D/Content/DefaultPaperTerrainMaterial.uexp" 10
"../../../Engine/Plugins/Marketplace/Content/Materials/MPC_Highlights.uasset" 11
"../../../Engine/Plugins/Marketplace/Content/Materials/MPC_Highlights.uexp" 12
"../../../Engine/Plugins/Animation/ControlRig/Content/Controls/DefaultGizmoLibraryNormalized.uasset" 13
"../../../Engine/Plugins/Animation/ControlRig/Content/Controls/DefaultGizmoLibraryNormalized.uexp" 14
"../../../Engine/Content/EngineSounds/Master.uasset" 15
"../../../Engine/Content/EngineSounds/Master.uexp" 16
"../../../Engine/Content/EngineMaterials/DefaultPhysicalMaterial.uasset" 17
"../../../Engine/Content/EngineMaterials/DefaultPhysicalMaterial.uexp" 18
"../../../Engine/Content/EngineMaterials/DefaultDestructiblePhysicalMaterial.uasset" 19
"../../../Engine/Content/EngineMaterials/DefaultDestructiblePhysicalMaterial.uexp" 20
"../../../Engine/Content/EngineFonts/Faces/RobotoLight.uexp" 21
"../../../Engine/Content/EngineFonts/Faces/RobotoLight.uasset" 22
"../../../Engine/Content/EngineFonts/Faces/RobotoLight.ufont" 23
"../../../Engine/Content/EngineFonts/Faces/RobotoBold.uexp" 24
"../../../Engine/Content/EngineFonts/Faces/RobotoBold.uasset" 25
"../../../Engine/Content/EngineFonts/Faces/RobotoBold.ufont" 26
"../../../Engine/Content/EngineFonts/Faces/RobotoRegular.uexp" 27
"../../../Engine/Content/EngineFonts/Faces/RobotoRegular.uasset" 28
"../../../Engine/Content/EngineFonts/Faces/RobotoRegular.ufont" 29
"../../../Engine/Content/EngineFonts/Faces/DroidSansFallback.uexp" 30
"../../../Engine/Content/EngineFonts/Faces/DroidSansFallback.uasset" 31
"../../../Engine/Content/EngineFonts/Faces/DroidSansFallback.ufont" 32
"../../../Engine/Content/EngineFonts/Faces/RobotoItalic.uexp" 33
"../../../Engine/Content/EngineFonts/Faces/RobotoItalic.uasset" 34
"../../../Engine/Content/EngineFonts/Faces/RobotoItalic.ufont" 35
"../../../Engine/Content/EngineFonts/Faces/RobotoBoldItalic.uexp" 36
"../../../Engine/Content/EngineFonts/Faces/RobotoBoldItalic.uasset" 37
"../../../Engine/Content/EngineFonts/Faces/RobotoBoldItalic.ufont" 38
"../../../Engine/Content/EngineFonts/Roboto.uasset" 39
"../../../Engine/Content/EngineFonts/Roboto.uexp" 40
"../../../Engine/Content/Animation/DefaultVariableFrameStrippingSettings.uasset" 41
"../../../Engine/Content/Animation/DefaultVariableFrameStrippingSettings.uexp" 42
"../../../Engine/Content/EditorResources/S_Actor.ubulk" 43
"../../../Engine/Content/EditorResources/S_Actor.uasset" 44
"../../../Engine/Content/EditorResources/S_Actor.uexp" 45
"../../../Engine/Content/EditorResources/S_BoxReflectionCapture.uasset" 46
"../../../Engine/Content/EditorResources/S_BoxReflectionCapture.uexp" 47
"../../../Engine/Content/EngineResources/DefaultTexture.ubulk" 48
"../../../Engine/Content/EngineResources/DefaultTexture.uasset" 49
"../../../Engine/Content/EngineResources/DefaultTexture.uexp" 50
"../../../Engine/Content/EngineResources/DefaultTextureCube.uasset" 51
"../../../Engine/Content/EngineResources/DefaultTextureCube.uexp" 52
"../../../Engine/Content/EngineResources/DefaultVolumeTexture2D.uasset" 53
"../../../Engine/Content/EngineResources/DefaultVolumeTexture2D.uexp" 54
"../../../Engine/Content/EngineResources/DefaultVolumeTexture.uasset" 55
"../../../Engine/Content/EngineResources/DefaultVolumeTexture.uexp" 56
"../../../Engine/Content/EditorResources/S_Trigger.ubulk" 57
"../../../Engine/Content/EditorResources/S_Trigger.uasset" 58
"../../../Engine/Content/EditorResources/S_Trigger.uexp" 59
"../../../Engine/Content/EditorResources/S_TriggerBox.uasset" 60
"../../../Engine/Content/EditorResources/S_TriggerBox.uexp" 61
"../../../Engine/Content/EditorResources/S_TriggerCapsule.uasset" 62
"../../../Engine/Content/EditorResources/S_TriggerCapsule.uexp" 63
"../../../Engine/Content/EditorResources/S_TriggerSphere.uasset" 64
"../../../Engine/Content/EditorResources/S_TriggerSphere.uexp" 65
"../../../Engine/Content/Functions/Engine_MaterialFunctions02/WorldPositionOffset/CameraOffset.uasset" 66
"../../../Engine/Content/Functions/Engine_MaterialFunctions02/WorldPositionOffset/CameraOffset.uexp" 67
"../../../Engine/Plugins/Animation/ControlRig/Content/M_Manip.uasset" 68
"../../../Engine/Plugins/Animation/ControlRig/Content/M_Manip.uexp" 69
"../../../Engine/Plugins/Marketplace/Content/Materials/PokeAHoleMaterial.uasset" 70
"../../../Engine/Plugins/Marketplace/Content/Materials/PokeAHoleMaterial.uexp" 71
"../../../Engine/Plugins/Marketplace/Content/Materials/OculusMR_OpaqueColoredMaterial.uasset" 72
"../../../Engine/Plugins/Marketplace/Content/Materials/OculusMR_OpaqueColoredMaterial.uexp" 73
"../../../Engine/Plugins/Marketplace/Content/Materials/M_SceneObjectMask.uasset" 74
"../../../Engine/Plugins/Marketplace/Content/Materials/M_SceneObjectMask.uexp" 75
"../../../Engine/Plugins/Marketplace/Content/Textures/CRT_JumpFlood1.uasset" 76
"../../../Engine/Plugins/Marketplace/Content/Textures/CRT_JumpFlood1.uexp" 77
"../../../Engine/Content/Functions/Engine_MaterialFunctions02/Utility/BreakOutFloat4Components.uasset" 78
"../../../Engine/Content/Functions/Engine_MaterialFunctions02/Utility/BreakOutFloat4Components.uexp" 79
"../../../Engine/Content/Functions/Engine_MaterialFunctions02/Utility/MakeFloat3.uasset" 80
"../../../Engine/Content/Functions/Engine_MaterialFunctions02/Utility/MakeFloat3.uexp" 81
"../../../Engine/Content/Functions/Engine_MaterialFunctions01/Texturing/PointSampledUVs.uasset" 82
"../../../Engine/Content/Functions/Engine_MaterialFunctions01/Texturing/PointSampledUVs.uexp" 83
"../../../Engine/Plugins/Marketplace/Content/Materials/M_JFAPass.uasset" 84
"../../../Engine/Plugins/Marketplace/Content/Materials/M_JFAPass.uexp" 85
"../../../Engine/Plugins/Marketplace/Content/Materials/M_FloorMask.uasset" 86
"../../../Engine/Plugins/Marketplace/Content/Materials/M_FloorMask.uexp" 87
"../../../Engine/Plugins/Marketplace/Content/Textures/CRT_JumpFlood2.uasset" 88
"../../../Engine/Plugins/Marketplace/Content/Textures/CRT_JumpFlood2.uexp" 89
"../../../Engine/Plugins/Marketplace/Content/Materials/M_DistanceMapOccupied.uasset" 90
"../../../Engine/Plugins/Marketplace/Content/Materials/M_DistanceMapOccupied.uexp" 91
"../../../Engine/Plugins/Marketplace/Content/Materials/M_DistanceMapFree.uasset" 92
"../../../Engine/Plugins/Marketplace/Content/Materials/M_DistanceMapFree.uexp" 93
"../../../Engine/Plugins/Marketplace/Content/Materials/M_DistanceMapAll.uasset" 94
"../../../Engine/Plugins/Marketplace/Content/Materials/M_DistanceMapAll.uexp" 95
"../../../Engine/Plugins/Marketplace/Content/Textures/CRT_Mask.uasset" 96
"../../../Engine/Plugins/Marketplace/Content/Textures/CRT_Mask.uexp" 97
"../../../Engine/Content/Functions/Engine_MaterialFunctions02/Utility/MakeFloat4.uasset" 98
"../../../Engine/Content/Functions/Engine_MaterialFunctions02/Utility/MakeFloat4.uexp" 99
"../../../Engine/Content/Functions/Engine_MaterialFunctions02/Utility/BreakOutFloat2Components.uasset" 100
"../../../Engine/Content/Functions/Engine_MaterialFunctions02/Utility/BreakOutFloat2Components.uexp" 101
"../../../Engine/Plugins/Marketplace/Content/Materials/M_CreateMask.uasset" 102
"../../../Engine/Plugins/Marketplace/Content/Materials/M_CreateMask.uexp" 103
"../../../Engine/Plugins/Interchange/Assets/Content/Functions/MX_UsdPreviewSurface.uasset" 104
"../../../Engine/Plugins/Interchange/Assets/Content/Functions/MX_UsdPreviewSurface.uexp" 105
"../../../Engine/Plugins/Interchange/Assets/Content/Functions/MX_UniformEDF.uasset" 106
"../../../Engine/Plugins/Interchange/Assets/Content/Functions/MX_UniformEDF.uexp" 107
"../../../Engine/Plugins/Interchange/Assets/Content/Functions/MX_TranslucentBSDF.uasset" 108
"../../../Engine/Plugins/Interchange/Assets/Content/Functions/MX_TranslucentBSDF.uexp" 109
"../../../Engine/Plugins/Interchange/Assets/Content/Functions/MX_ThinFilmBSDF.uasset" 110
"../../../Engine/Plugins/Interchange/Assets/Content/Functions/MX_ThinFilmBSDF.uexp" 111
"../../../Engine/Plugins/Interchange/Assets/Content/Functions/MX_SurfaceUnlit.uasset" 112
"../../../Engine/Plugins/Interchange/Assets/Content/Functions/MX_SurfaceUnlit.uexp" 113
"../../../Engine/Plugins/Interchange/Assets/Content/Functions/MX_Surface.uasset" 114
"../../../Engine/Plugins/Interchange/Assets/Content/Functions/MX_Surface.uexp" 115
"../../../Engine/Plugins/Interchange/Assets/Content/Functions/MX_SubsurfaceBSDF.uasset" 116
"../../../Engine/Plugins/Interchange/Assets/Content/Functions/MX_SubsurfaceBSDF.uexp" 117
"../../../Engine/Plugins/Interchange/Assets/Content/Functions/MX_SheenBSDF.uasset" 118
"../../../Engine/Plugins/Interchange/Assets/Content/Functions/MX_SheenBSDF.uexp" 119
"../../../Engine/Plugins/Interchange/Assets/Content/Functions/MX_OrenNayarBSDF.uasset" 120
"../../../Engine/Plugins/Interchange/Assets/Content/Functions/MX_OrenNayarBSDF.uexp" 121
"../../../Engine/Plugins/Interchange/Assets/Content/Utilities/New_LUT.uasset" 122
"../../../Engine/Plugins/Interchange/Assets/Content/Utilities/New_LUT.uexp" 123
"../../../Engine/Content/Functions/Engine_MaterialFunctions03/Math/RemapValueRange.uasset" 124
"../../../Engine/Content/Functions/Engine_MaterialFunctions03/Math/RemapValueRange.uexp" 125
"../../../Engine/Plugins/Interchange/Assets/Content/Functions/MF_Iridescence.uasset" 126
"../../../Engine/Plugins/Interchange/Assets/Content/Functions/MF_Iridescence.uexp" 127
"../../../Engine/Plugins/Interchange/Assets/Content/Functions/MX_StandardSurface.uasset" 128
"../../../Engine/Plugins/Interchange/Assets/Content/Functions/MX_StandardSurface.uexp" 129
"../../../Engine/Plugins/Interchange/Assets/Content/Functions/MX_TransmissionSurface.uasset" 130
"../../../Engine/Plugins/Interchange/Assets/Content/Functions/MX_TransmissionSurface.uexp" 131
"../../../Engine/Plugins/Interchange/Assets/Content/Functions/MX_OpenPBR_Translucent.uasset" 132
"../../../Engine/Plugins/Interchange/Assets/Content/Functions/MX_OpenPBR_Translucent.uexp" 133
"../../../Engine/Plugins/Interchange/Assets/Content/Functions/MX_OpenPBR_Opaque.uasset" 134
"../../../Engine/Plugins/Interchange/Assets/Content/Functions/MX_OpenPBR_Opaque.uexp" 135
"../../../Engine/Plugins/Interchange/Assets/Content/Functions/MX_MeasuredEDF.uasset" 136
"../../../Engine/Plugins/Interchange/Assets/Content/Functions/MX_MeasuredEDF.uexp" 137
"../../../Engine/Plugins/Interchange/Assets/Content/Functions/MX_GeneralizedSchlickBSDF.uasset" 138
"../../../Engine/Plugins/Interchange/Assets/Content/Functions/MX_GeneralizedSchlickBSDF.uexp" 139
"../../../Engine/Plugins/Interchange/Assets/Content/Functions/MX_DielectricBSDF.uasset" 140
"../../../Engine/Plugins/Interchange/Assets/Content/Functions/MX_DielectricBSDF.uexp" 141
"../../../Engine/Plugins/Interchange/Assets/Content/Functions/MX_ConicalEDF.uasset" 142
"../../../Engine/Plugins/Interchange/Assets/Content/Functions/MX_ConicalEDF.uexp" 143
"../../../Engine/Plugins/Interchange/Assets/Content/Functions/MX_ConductorBSDF.uasset" 144
"../../../Engine/Plugins/Interchange/Assets/Content/Functions/MX_ConductorBSDF.uexp" 145
"../../../Engine/Plugins/Interchange/Assets/Content/Functions/MX_BurleyDiffuseBSDF.uasset" 146
"../../../Engine/Plugins/Interchange/Assets/Content/Functions/MX_BurleyDiffuseBSDF.uexp" 147
"../../../Engine/Plugins/Interchange/Assets/Content/Functions/MX_AnisotropicVDF.uasset" 148
"../../../Engine/Plugins/Interchange/Assets/Content/Functions/MX_AnisotropicVDF.uexp" 149
"../../../Engine/Plugins/Interchange/Assets/Content/Functions/MX_AbsorptionVDF.uasset" 150
"../../../Engine/Plugins/Interchange/Assets/Content/Functions/MX_AbsorptionVDF.uexp" 151
"../../../Engine/Plugins/Editor/SpeedTreeImporter/Content/SpeedTree9/game_wind_noise.ubulk" 152
"../../../Engine/Plugins/Editor/SpeedTreeImporter/Content/SpeedTree9/game_wind_noise.uasset" 153
"../../../Engine/Plugins/Editor/SpeedTreeImporter/Content/SpeedTree9/game_wind_noise.uexp" 154
"../../../Engine/Plugins/Editor/SpeedTreeImporter/Content/SpeedTree9/UnpackDirection.uasset" 155
"../../../Engine/Plugins/Editor/SpeedTreeImporter/Content/SpeedTree9/UnpackDirection.uexp" 156
"../../../Engine/Content/Functions/Engine_MaterialFunctions02/ObjectLocalBounds.uasset" 157
"../../../Engine/Content/Functions/Engine_MaterialFunctions02/ObjectLocalBounds.uexp" 158
"../../../Engine/Content/Functions/Engine_MaterialFunctions02/Utility/BreakOutFloat3Components.uasset" 159
"../../../Engine/Content/Functions/Engine_MaterialFunctions02/Utility/BreakOutFloat3Components.uexp" 160
"../../../Engine/Content/Functions/Engine_MaterialFunctions02/UVs/BoundingBoxBased_0-1_UVW.uasset" 161
"../../../Engine/Content/Functions/Engine_MaterialFunctions02/UVs/BoundingBoxBased_0-1_UVW.uexp" 162
"../../../Engine/Content/Functions/Engine_MaterialFunctions02/Utility/VectorLength.uasset" 163
"../../../Engine/Content/Functions/Engine_MaterialFunctions02/Utility/VectorLength.uexp" 164
"../../../Engine/Plugins/Editor/SpeedTreeImporter/Content/SpeedTree9/UnpackInteger3.uasset" 165
"../../../Engine/Plugins/Editor/SpeedTreeImporter/Content/SpeedTree9/UnpackInteger3.uexp" 166
"../../../Engine/Plugins/Editor/SpeedTreeImporter/Content/SpeedTree9/SpeedTreeCameraFacing.uasset" 167
"../../../Engine/Plugins/Editor/SpeedTreeImporter/Content/SpeedTree9/SpeedTreeCameraFacing.uexp" 168
"../../../Engine/Content/Functions/Engine_MaterialFunctions02/WorldPositionOffset/ObjectScale.uasset" 169
"../../../Engine/Content/Functions/Engine_MaterialFunctions02/WorldPositionOffset/ObjectScale.uexp" 170
"../../../Engine/Content/Functions/Engine_MaterialFunctions02/SafeNormalize.uasset" 171
"../../../Engine/Content/Functions/Engine_MaterialFunctions02/SafeNormalize.uexp" 172
"../../../Engine/Plugins/Editor/SpeedTreeImporter/Content/SpeedTree9/SpeedTreeWindMotion.uasset" 173
"../../../Engine/Plugins/Editor/SpeedTreeImporter/Content/SpeedTree9/SpeedTreeWindMotion.uexp" 174
"../../../Engine/Plugins/Editor/SpeedTreeImporter/Content/SpeedTree9/SpeedTreeBranchMotion.uasset" 175
"../../../Engine/Plugins/Editor/SpeedTreeImporter/Content/SpeedTree9/SpeedTreeBranchMotion.uexp" 176
"../../../Engine/Plugins/Editor/SpeedTreeImporter/Content/SpeedTree9/SpeedTreeWind.uasset" 177
"../../../Engine/Plugins/Editor/SpeedTreeImporter/Content/SpeedTree9/SpeedTreeWind.uexp" 178
"../../../Engine/Plugins/Editor/SpeedTreeImporter/Content/SpeedTree9/EmptyNormal.uasset" 179
"../../../Engine/Plugins/Editor/SpeedTreeImporter/Content/SpeedTree9/EmptyNormal.uexp" 180
"../../../Engine/Plugins/Editor/SpeedTreeImporter/Content/SpeedTree9/Empty.uasset" 181
"../../../Engine/Plugins/Editor/SpeedTreeImporter/Content/SpeedTree9/Empty.uexp" 182
"../../../Engine/Plugins/Editor/SpeedTreeImporter/Content/SpeedTree9/SpeedTreeMaster.uasset" 183
"../../../Engine/Plugins/Editor/SpeedTreeImporter/Content/SpeedTree9/SpeedTreeMaster.uexp" 184
"../../../Engine/Plugins/Editor/SpeedTreeImporter/Content/SpeedTree9/SpeedTreeBillboard.uasset" 185
"../../../Engine/Plugins/Editor/SpeedTreeImporter/Content/SpeedTree9/SpeedTreeBillboard.uexp" 186
"../../../Engine/Plugins/Editor/SpeedTreeImporter/Content/SpeedTree9/SpeedTreeBillboardMaster.uasset" 187
"../../../Engine/Plugins/Editor/SpeedTreeImporter/Content/SpeedTree9/SpeedTreeBillboardMaster.uexp" 188
"../../../Engine/Plugins/Animation/ControlRig/Content/Controls/ControlRigXRayMaterial.uasset" 189
"../../../Engine/Plugins/Animation/ControlRig/Content/Controls/ControlRigXRayMaterial.uexp" 190
"../../../Engine/Plugins/Animation/ControlRig/Content/Controls/ControlRigGizmoMaterial.uasset" 191
"../../../Engine/Plugins/Animation/ControlRig/Content/Controls/ControlRigGizmoMaterial.uexp" 192
"../../../Engine/Content/EngineResources/GradientTexture0.uasset" 193
"../../../Engine/Content/EngineResources/GradientTexture0.uexp" 194
"../../../Engine/Content/EngineMaterials/RemoveSurfaceMaterial.uasset" 195
"../../../Engine/Content/EngineMaterials/RemoveSurfaceMaterial.uexp" 196
"../../../Engine/Content/EngineMaterials/PreintegratedSkinBRDF.uasset" 197
"../../../Engine/Content/EngineMaterials/PreintegratedSkinBRDF.uexp" 198
"../../../Engine/Content/EngineMaterials/DefaultCalibrationGrayscale.uasset" 199
"../../../Engine/Content/EngineMaterials/DefaultCalibrationGrayscale.uexp" 200
"../../../Engine/Content/EngineMaterials/PPM_DefaultCalibrationGrayscale.uasset" 201
"../../../Engine/Content/EngineMaterials/PPM_DefaultCalibrationGrayscale.uexp" 202
"../../../Engine/Content/EngineMaterials/DefaultCalibrationColor.uasset" 203
"../../../Engine/Content/EngineMaterials/DefaultCalibrationColor.uexp" 204
"../../../Engine/Content/EngineMaterials/PPM_DefaultCalibrationColor.uasset" 205
"../../../Engine/Content/EngineMaterials/PPM_DefaultCalibrationColor.uexp" 206
"../../../Engine/Content/EngineMaterials/PhAT_JointLimitMaterial.uasset" 207
"../../../Engine/Content/EngineMaterials/PhAT_JointLimitMaterial.uexp" 208
"../../../Engine/Content/EngineMaterials/NaniteHiddenSectionMaterial.uasset" 209
"../../../Engine/Content/EngineMaterials/NaniteHiddenSectionMaterial.uexp" 210
"../../../Engine/Content/EngineMaterials/InvalidLightmapSettings.ubulk" 211
"../../../Engine/Content/EngineMaterials/InvalidLightmapSettings.uasset" 212
"../../../Engine/Content/EngineMaterials/InvalidLightmapSettings.uexp" 213
"../../../Engine/Content/EngineMaterials/M_InvalidLightmapSettings.uasset" 214
"../../../Engine/Content/EngineMaterials/M_InvalidLightmapSettings.uexp" 215
"../../../Engine/Content/EngineMaterials/MiniFont.uasset" 216
"../../../Engine/Content/EngineMaterials/MiniFont.uexp" 217
"../../../Engine/Content/EngineMaterials/GizmoMaterial.uasset" 218
"../../../Engine/Content/EngineMaterials/GizmoMaterial.uexp" 219
"../../../Engine/Content/EngineMaterials/BaseFlattenEmissiveMap_VT.uasset" 220
"../../../Engine/Content/EngineMaterials/BaseFlattenEmissiveMap_VT.uexp" 221
"../../../Engine/Content/EngineMaterials/BaseFlattenGrayscaleMap_VT.uasset" 222
"../../../Engine/Content/EngineMaterials/BaseFlattenGrayscaleMap_VT.uexp" 223
"../../../Engine/Content/EngineMaterials/BaseFlattenLinearColor_VT.uasset" 224
"../../../Engine/Content/EngineMaterials/BaseFlattenLinearColor_VT.uexp" 225
"../../../Engine/Content/EngineMaterials/Black_1x1_EXR_Texture_VT.uasset" 226
"../../../Engine/Content/EngineMaterials/Black_1x1_EXR_Texture_VT.uexp" 227
"../../../Engine/Content/EngineMaterials/BaseFlattenDiffuseMap_VT.uasset" 228
"../../../Engine/Content/EngineMaterials/BaseFlattenDiffuseMap_VT.uexp" 229
"../../../Engine/Content/EngineMaterials/BaseFlattenNormalMap_VT.uasset" 230
"../../../Engine/Content/EngineMaterials/BaseFlattenNormalMap_VT.uexp" 231
"../../../Engine/Content/EngineMaterials/FlattenMaterial_WS_Normal_VT.uasset" 232
"../../../Engine/Content/EngineMaterials/FlattenMaterial_WS_Normal_VT.uexp" 233
"../../../Engine/Content/EngineMaterials/FlattenMaterial_VT.uasset" 234
"../../../Engine/Content/EngineMaterials/FlattenMaterial_VT.uexp" 235
"../../../Engine/Content/EngineMaterials/BaseFlattenNormalMap.uasset" 236
"../../../Engine/Content/EngineMaterials/BaseFlattenNormalMap.uexp" 237
"../../../Engine/Content/EngineMaterials/BaseFlattenGrayscaleMap.uasset" 238
"../../../Engine/Content/EngineMaterials/BaseFlattenGrayscaleMap.uexp" 239
"../../../Engine/Content/EngineMaterials/BaseFlattenDiffuseMap.uasset" 240
"../../../Engine/Content/EngineMaterials/BaseFlattenDiffuseMap.uexp" 241
"../../../Engine/Content/Functions/Engine_MaterialFunctions02/PivotPainter2/Black_1x1_EXR_Texture.uasset" 242
"../../../Engine/Content/Functions/Engine_MaterialFunctions02/PivotPainter2/Black_1x1_EXR_Texture.uexp" 243
"../../../Engine/Content/EngineMaterials/BaseFlattenEmissiveMap.uasset" 244
"../../../Engine/Content/EngineMaterials/BaseFlattenEmissiveMap.uexp" 245
"../../../Engine/Content/EngineMaterials/BaseFlattenLinearColor.uasset" 246
"../../../Engine/Content/EngineMaterials/BaseFlattenLinearColor.uexp" 247
"../../../Engine/Content/EngineMaterials/FlattenMaterial.uasset" 248
"../../../Engine/Content/EngineMaterials/FlattenMaterial.uexp" 249
"../../../Engine/Content/EngineMaterials/FastBlueNoise_vec2_128x128x64.uasset" 250
"../../../Engine/Content/EngineMaterials/FastBlueNoise_vec2_128x128x64.uexp" 251
"../../../Engine/Content/EngineMaterials/FastBlueNoise_scalar_128x128x64.uasset" 252
"../../../Engine/Content/EngineMaterials/FastBlueNoise_scalar_128x128x64.uexp" 253
"../../../Engine/Content/EngineMaterials/DefaultWhiteGrid_Low.uasset" 254
"../../../Engine/Content/EngineMaterials/DefaultWhiteGrid_Low.uexp" 255
"../../../Engine/Content/EngineMaterials/EmissiveMeshMaterial.uasset" 256
"../../../Engine/Content/EngineMaterials/EmissiveMeshMaterial.uexp" 257
"../../../Engine/Content/EngineMaterials/DefaultWhiteGrid.ubulk" 258
"../../../Engine/Content/EngineMaterials/DefaultWhiteGrid.uasset" 259
"../../../Engine/Content/EngineMaterials/DefaultWhiteGrid.uexp" 260
"../../../Engine/Content/EngineFonts/RobotoDistanceField.uasset" 261
"../../../Engine/Content/EngineFonts/RobotoDistanceField.uexp" 262
"../../../Engine/Content/EngineMaterials/DefaultTextMaterialOpaque.uasset" 263
"../../../Engine/Content/EngineMaterials/DefaultTextMaterialOpaque.uexp" 264
"../../../Engine/Content/EngineMaterials/DefaultDiffuse.ubulk" 265
"../../../Engine/Content/EngineMaterials/DefaultDiffuse.uasset" 266
"../../../Engine/Content/EngineMaterials/DefaultDiffuse.uexp" 267
"../../../Engine/Content/EngineMaterials/DefaultPostProcessMaterial.uasset" 268
"../../../Engine/Content/EngineMaterials/DefaultPostProcessMaterial.uexp" 269
"../../../Engine/Content/EngineMaterials/DefaultLightFunctionMaterial.uasset" 270
"../../../Engine/Content/EngineMaterials/DefaultLightFunctionMaterial.uexp" 271
"../../../Engine/Content/EngineMaterials/DefaultDeferredDecalMaterial.uasset" 272
"../../../Engine/Content/EngineMaterials/DefaultDeferredDecalMaterial.uexp" 273
"../../../Engine/Content/EngineMaterials/DefaultBokeh.uasset" 274
"../../../Engine/Content/EngineMaterials/DefaultBokeh.uexp" 275
"../../../Engine/Content/EngineMaterials/DefaultBloomKernel.uasset" 276
"../../../Engine/Content/EngineMaterials/DefaultBloomKernel.uexp" 277
"../../../Engine/Content/Functions/Engine_MaterialFunctions02/Utility/CameraDirectionVector.uasset" 278
"../../../Engine/Content/Functions/Engine_MaterialFunctions02/Utility/CameraDirectionVector.uexp" 279
"../../../Engine/Content/EngineDebugMaterials/VolumeToRender.uasset" 280
"../../../Engine/Content/EngineDebugMaterials/VolumeToRender.uexp" 281
"../../../Engine/Content/EngineDebugMaterials/M_VolumeRenderSphereTracePP.uasset" 282
"../../../Engine/Content/EngineDebugMaterials/M_VolumeRenderSphereTracePP.uexp" 283
"../../../Engine/Content/EngineDebugMaterials/M_SimpleUnlitTranslucent.uasset" 284
"../../../Engine/Content/EngineDebugMaterials/M_SimpleUnlitTranslucent.uexp" 285
"../../../Engine/Content/EngineDebugMaterials/DebugMeshMaterial.uasset" 286
"../../../Engine/Content/EngineDebugMaterials/DebugMeshMaterial.uexp" 287
"../../../Engine/Content/EngineDebugMaterials/DebugEditorMaterial.uasset" 288
"../../../Engine/Content/EngineDebugMaterials/DebugEditorMaterial.uexp" 289
"../../../Engine/Content/EngineDamageTypes/DmgTypeBP_Environmental.uasset" 290
"../../../Engine/Content/EngineDamageTypes/DmgTypeBP_Environmental.uexp" 291
"../../../Engine/Content/EditorResources/S_Terrain.ubulk" 292
"../../../Engine/Content/EditorResources/S_Terrain.uasset" 293
"../../../Engine/Content/EditorResources/S_Terrain.uexp" 294
"../../../Engine/Content/EditorResources/S_Solver.ubulk" 295
"../../../Engine/Content/EditorResources/S_Solver.uasset" 296
"../../../Engine/Content/EditorResources/S_Solver.uexp" 297
"../../../Engine/Content/EditorResources/EmptyActor.uasset" 298
"../../../Engine/Content/EditorResources/EmptyActor.uexp" 299
"../../../Engine/Content/EditorResources/BSPVertex.uasset" 300
"../../../Engine/Content/EditorResources/BSPVertex.uexp" 301
"../../../Engine/Content/EditorMaterials/PreviewShadowIndicator.ubulk" 302
"../../../Engine/Content/EditorMaterials/PreviewShadowIndicator.uasset" 303
"../../../Engine/Content/EditorMaterials/PreviewShadowIndicator.uexp" 304
"../../../Engine/Content/EditorMaterials/PreviewShadowIndicatorMaterial.uasset" 305
"../../../Engine/Content/EditorMaterials/PreviewShadowIndicatorMaterial.uexp" 306
"../../../Engine/Content/EditorMaterials/PhAT_UnselectedMaterial.uasset" 307
"../../../Engine/Content/EditorMaterials/PhAT_UnselectedMaterial.uexp" 308
"../../../Engine/Content/EditorMaterials/PhAT_NoCollisionMaterial.uasset" 309
"../../../Engine/Content/EditorMaterials/PhAT_NoCollisionMaterial.uexp" 310
"../../../Engine/Content/EditorLandscapeResources/DefaultAlphaTexture.uasset" 311
"../../../Engine/Content/EditorLandscapeResources/DefaultAlphaTexture.uexp" 312
"../../../Engine/Plugins/Runtime/MeshModelingToolset/Content/Materials/M_DynamicMeshComponentVtxColor.uasset" 313
"../../../Engine/Plugins/Runtime/MeshModelingToolset/Content/Materials/M_DynamicMeshComponentVtxColor.uexp" 314
"../../../Engine/Plugins/Runtime/HairStrands/Content/Materials/HairMeshesDefaultMaterial.uasset" 315
"../../../Engine/Plugins/Runtime/HairStrands/Content/Materials/HairMeshesDefaultMaterial.uexp" 316
"../../../Engine/Plugins/Runtime/HairStrands/Content/Materials/HairDefaultMaterial.uasset" 317
"../../../Engine/Plugins/Runtime/HairStrands/Content/Materials/HairDefaultMaterial.uexp" 318
"../../../Engine/Plugins/Runtime/HairStrands/Content/Materials/HairGroupColors.uasset" 319
"../../../Engine/Plugins/Runtime/HairStrands/Content/Materials/HairGroupColors.uexp" 320
"../../../Engine/Content/Functions/Engine_MaterialFunctions02/Utility/MakeFloat2.uasset" 321
"../../../Engine/Content/Functions/Engine_MaterialFunctions02/Utility/MakeFloat2.uexp" 322
"../../../Engine/Content/EngineMaterials/HairColorMap.uasset" 323
"../../../Engine/Content/EngineMaterials/HairColorMap.uexp" 324
"../../../Engine/Content/EngineMaterials/HairDebugColor.uasset" 325
"../../../Engine/Content/EngineMaterials/HairDebugColor.uexp" 326
"../../../Engine/Plugins/Runtime/HairStrands/Content/Materials/HairDebugMaterial.uasset" 327
"../../../Engine/Plugins/Runtime/HairStrands/Content/Materials/HairDebugMaterial.uexp" 328
"../../../Engine/Plugins/Runtime/HairStrands/Content/Materials/HairCardsDefaultMaterial.uasset" 329
"../../../Engine/Plugins/Runtime/HairStrands/Content/Materials/HairCardsDefaultMaterial.uexp" 330
"../../../Engine/Plugins/Runtime/AudioWidgets/Content/Resources/ScrubHandleDown_Clamped.uasset" 331
"../../../Engine/Plugins/Runtime/AudioWidgets/Content/Resources/ScrubHandleDown_Clamped.uexp" 332
"../../../Engine/Content/EngineResources/FilmGrains/Marcie_Grain_v3_128_M2_000.uasset" 333
"../../../Engine/Content/EngineResources/FilmGrains/Marcie_Grain_v3_128_M2_000.uexp" 334
"../../../Engine/Content/EngineMaterials/LTC/Sheen_LTC.uasset" 335
"../../../Engine/Content/EngineMaterials/LTC/Sheen_LTC.uexp" 336
"../../../Engine/Content/EngineMaterials/LTC/GGX_LTCMat.uasset" 337
"../../../Engine/Content/EngineMaterials/LTC/GGX_LTCMat.uexp" 338
"../../../Engine/Content/EngineMaterials/LTC/GGX_LTCAmp.uasset" 339
"../../../Engine/Content/EngineMaterials/LTC/GGX_LTCAmp.uexp" 340
"../../../Engine/Content/EngineMaterials/EnergyConservation/Sheen_Energy.uasset" 341
"../../../Engine/Content/EngineMaterials/EnergyConservation/Sheen_Energy.uexp" 342
"../../../Engine/Content/EngineMaterials/EnergyConservation/SheenLegacy_Energy.uasset" 343
"../../../Engine/Content/EngineMaterials/EnergyConservation/SheenLegacy_Energy.uexp" 344
"../../../Engine/Content/EngineMaterials/EnergyConservation/GGX_TransmissionEnergyArray.uasset" 345
"../../../Engine/Content/EngineMaterials/EnergyConservation/GGX_TransmissionEnergyArray.uexp" 346
"../../../Engine/Content/EngineMaterials/EnergyConservation/GGX_ReflectionEnergy.uasset" 347
"../../../Engine/Content/EngineMaterials/EnergyConservation/GGX_ReflectionEnergy.uexp" 348
"../../../Engine/Content/EngineMaterials/EnergyConservation/Diffuse_Energy.uasset" 349
"../../../Engine/Content/EngineMaterials/EnergyConservation/Diffuse_Energy.uexp" 350
"../../../Engine/Content/EditorResources/SequenceRecorder/RecordingIndicator.uasset" 351
"../../../Engine/Content/EditorResources/SequenceRecorder/RecordingIndicator.uexp" 352
"../../../Engine/Content/EditorResources/SequenceRecorder/Countdown.uasset" 353
"../../../Engine/Content/EditorResources/SequenceRecorder/Countdown.uexp" 354
"../../../Engine/Content/EditorMaterials/ParticleSystems/PSysThumbnail_OOD.ubulk" 355
"../../../Engine/Content/EditorMaterials/ParticleSystems/PSysThumbnail_OOD.uasset" 356
"../../../Engine/Content/EditorMaterials/ParticleSystems/PSysThumbnail_OOD.uexp" 357
"../../../Engine/Content/EditorMaterials/ParticleSystems/PSysThumbnail_NoImage.ubulk" 358
"../../../Engine/Content/EditorMaterials/ParticleSystems/PSysThumbnail_NoImage.uasset" 359
"../../../Engine/Content/EditorMaterials/ParticleSystems/PSysThumbnail_NoImage.uexp" 360
"../../../Engine/Content/EditorMaterials/Dataflow/DataflowVertexMaterial.uasset" 361
"../../../Engine/Content/EditorMaterials/Dataflow/DataflowVertexMaterial.uexp" 362
"../../../Engine/Content/EditorMaterials/Dataflow/DataflowTwoSidedVertexMaterial.uasset" 363
"../../../Engine/Content/EditorMaterials/Dataflow/DataflowTwoSidedVertexMaterial.uexp" 364
"../../../Engine/Content/Functions/Engine_MaterialFunctions01/Shading/PowerToRoughness.uasset" 365
"../../../Engine/Content/Functions/Engine_MaterialFunctions01/Shading/PowerToRoughness.uexp" 366
"../../../Engine/Content/Functions/Engine_MaterialFunctions01/Shading/ConvertFromDiffSpec.uasset" 367
"../../../Engine/Content/Functions/Engine_MaterialFunctions01/Shading/ConvertFromDiffSpec.uexp" 368
"../../../Engine/Content/EngineMaterials/Substrate/Volume/SubstrateSimpleVolumeLUT3D.uasset" 369
"../../../Engine/Content/EngineMaterials/Substrate/Volume/SubstrateSimpleVolumeLUT3D.uexp" 370
"../../../Engine/Content/EngineMaterials/Substrate/Volume/SubstrateSimpleVolumeEnvLUT3D.uasset" 371
"../../../Engine/Content/EngineMaterials/Substrate/Volume/SubstrateSimpleVolumeEnvLUT3D.uexp" 372
"../../../Engine/Content/EngineMaterials/Substrate/GLints2/AGlintTex2dArray2.uasset" 373
"../../../Engine/Content/EngineMaterials/Substrate/GLints2/AGlintTex2dArray2.uexp" 374
"../../../Engine/Content/EngineMaterials/Substrate/GLints/AGlintTex2dArray.uasset" 375
"../../../Engine/Content/EngineMaterials/Substrate/GLints/AGlintTex2dArray.uexp" 376
"../../../Engine/Content/EngineMaterials/WeightMapPlaceholderTexture.uasset" 377
"../../../Engine/Content/EngineMaterials/WeightMapPlaceholderTexture.uexp" 378
"../../../Engine/Content/EngineMaterials/WeightMapArrayPlaceholderTexture.uasset" 379
"../../../Engine/Content/EngineMaterials/WeightMapArrayPlaceholderTexture.uexp" 380
"../../../Engine/Plugins/Marketplace/Content/Textures/CRT_DistanceMap.uasset" 381
"../../../Engine/Plugins/Marketplace/Content/Textures/CRT_DistanceMap.uexp" 382
"../../../Engine/Content/EngineMeshes/Sphere.ubulk" 383
"../../../Engine/Content/EngineMeshes/Sphere.uasset" 384
"../../../Engine/Content/EngineMeshes/Sphere.uexp" 385
"../../../Engine/Content/EngineMaterials/T_Default_Material_Grid_M.ubulk" 386
"../../../Engine/Content/EngineMaterials/T_Default_Material_Grid_M.uasset" 387
"../../../Engine/Content/EngineMaterials/T_Default_Material_Grid_M.uexp" 388
"../../../Engine/Content/EngineMaterials/T_Default_Material_Grid_N.ubulk" 389
"../../../Engine/Content/EngineMaterials/T_Default_Material_Grid_N.uasset" 390
"../../../Engine/Content/EngineMaterials/T_Default_Material_Grid_N.uexp" 391
"../../../Engine/Content/Functions/Engine_MaterialFunctions01/Opacity/CameraDepthFade.uasset" 392
"../../../Engine/Content/Functions/Engine_MaterialFunctions01/Opacity/CameraDepthFade.uexp" 393
"../../../Engine/Content/EngineMaterials/WorldGridMaterial.uasset" 394
"../../../Engine/Content/EngineMaterials/WorldGridMaterial.uexp" 395
"../../../Engine/Content/ArtTools/RenderToTexture/Meshes/S_1_Unit_Plane.ubulk" 396
"../../../Engine/Content/ArtTools/RenderToTexture/Meshes/S_1_Unit_Plane.uasset" 397
"../../../Engine/Content/ArtTools/RenderToTexture/Meshes/S_1_Unit_Plane.uexp" 398
"../../../Engine/Content/EngineResources/Black.uasset" 399
"../../../Engine/Content/EngineResources/Black.uexp" 400
"../../../Engine/Plugins/Runtime/OpenXR/Content/Devices/M_XRController.uasset" 401
"../../../Engine/Plugins/Runtime/OpenXR/Content/Devices/M_XRController.uexp" 402
"../../../Engine/Plugins/Runtime/OpenXR/Content/Devices/MicrosoftMixedReality/NormalTexture.ubulk" 403
"../../../Engine/Plugins/Runtime/OpenXR/Content/Devices/MicrosoftMixedReality/NormalTexture.uasset" 404
"../../../Engine/Plugins/Runtime/OpenXR/Content/Devices/MicrosoftMixedReality/NormalTexture.uexp" 405
"../../../Engine/Plugins/Runtime/OpenXR/Content/Devices/MicrosoftMixedReality/EmissiveTexture.ubulk" 406
"../../../Engine/Plugins/Runtime/OpenXR/Content/Devices/MicrosoftMixedReality/EmissiveTexture.uasset" 407
"../../../Engine/Plugins/Runtime/OpenXR/Content/Devices/MicrosoftMixedReality/EmissiveTexture.uexp" 408
"../../../Engine/Plugins/Runtime/OpenXR/Content/Devices/MicrosoftMixedReality/BaseTexture.ubulk" 409
"../../../Engine/Plugins/Runtime/OpenXR/Content/Devices/MicrosoftMixedReality/BaseTexture.uasset" 410
"../../../Engine/Plugins/Runtime/OpenXR/Content/Devices/MicrosoftMixedReality/BaseTexture.uexp" 411
"../../../Engine/Plugins/Runtime/OpenXR/Content/Devices/MicrosoftMixedReality/MRTexture.ubulk" 412
"../../../Engine/Plugins/Runtime/OpenXR/Content/Devices/MicrosoftMixedReality/MRTexture.uasset" 413
"../../../Engine/Plugins/Runtime/OpenXR/Content/Devices/MicrosoftMixedReality/MRTexture.uexp" 414
"../../../Engine/Plugins/Runtime/OpenXR/Content/Devices/MicrosoftMixedReality/MI_MicrosoftMixedReality.uasset" 415
"../../../Engine/Plugins/Runtime/OpenXR/Content/Devices/MicrosoftMixedReality/MI_MicrosoftMixedReality.uexp" 416
"../../../Engine/Plugins/Runtime/OpenXR/Content/Devices/MicrosoftMixedReality/Left/left_MicrosoftMixedRealityController.ubulk" 417
"../../../Engine/Plugins/Runtime/OpenXR/Content/Devices/MicrosoftMixedReality/Left/left_MicrosoftMixedRealityController.uasset" 418
"../../../Engine/Plugins/Runtime/OpenXR/Content/Devices/MicrosoftMixedReality/Left/left_MicrosoftMixedRealityController.uexp" 419
"../../../Engine/Plugins/Runtime/OpenXR/Content/Devices/MicrosoftMixedReality/Right/right_MicrosoftMixedRealityController.ubulk" 420
"../../../Engine/Plugins/Runtime/OpenXR/Content/Devices/MicrosoftMixedReality/Right/right_MicrosoftMixedRealityController.uasset" 421
"../../../Engine/Plugins/Runtime/OpenXR/Content/Devices/MicrosoftMixedReality/Right/right_MicrosoftMixedRealityController.uexp" 422
"../../../Engine/Plugins/Runtime/OpenXR/Content/Devices/OculusTouch/BaseTexture.ubulk" 423
"../../../Engine/Plugins/Runtime/OpenXR/Content/Devices/OculusTouch/BaseTexture.uasset" 424
"../../../Engine/Plugins/Runtime/OpenXR/Content/Devices/OculusTouch/BaseTexture.uexp" 425
"../../../Engine/Plugins/Runtime/OpenXR/Content/Devices/OculusTouch/MRTexture.ubulk" 426
"../../../Engine/Plugins/Runtime/OpenXR/Content/Devices/OculusTouch/MRTexture.uasset" 427
"../../../Engine/Plugins/Runtime/OpenXR/Content/Devices/OculusTouch/MRTexture.uexp" 428
"../../../Engine/Plugins/Runtime/OpenXR/Content/Devices/OculusTouch/MI_OculusTouch.uasset" 429
"../../../Engine/Plugins/Runtime/OpenXR/Content/Devices/OculusTouch/MI_OculusTouch.uexp" 430
"../../../Engine/Plugins/Runtime/OpenXR/Content/Devices/OculusTouch/Left/left_OculusTouchController.ubulk" 431
"../../../Engine/Plugins/Runtime/OpenXR/Content/Devices/OculusTouch/Left/left_OculusTouchController.uasset" 432
"../../../Engine/Plugins/Runtime/OpenXR/Content/Devices/OculusTouch/Left/left_OculusTouchController.uexp" 433
"../../../Engine/Plugins/Runtime/OpenXR/Content/Devices/OculusTouch/Right/right_OculusTouchController.ubulk" 434
"../../../Engine/Plugins/Runtime/OpenXR/Content/Devices/OculusTouch/Right/right_OculusTouchController.uasset" 435
"../../../Engine/Plugins/Runtime/OpenXR/Content/Devices/OculusTouch/Right/right_OculusTouchController.uexp" 436
"../../../Engine/Plugins/Runtime/OpenXR/Content/Devices/OculusTouch_v2/BaseTexture.ubulk" 437
"../../../Engine/Plugins/Runtime/OpenXR/Content/Devices/OculusTouch_v2/BaseTexture.uasset" 438
"../../../Engine/Plugins/Runtime/OpenXR/Content/Devices/OculusTouch_v2/BaseTexture.uexp" 439
"../../../Engine/Plugins/Runtime/OpenXR/Content/Devices/OculusTouch_v2/MRTexture.ubulk" 440
"../../../Engine/Plugins/Runtime/OpenXR/Content/Devices/OculusTouch_v2/MRTexture.uasset" 441
"../../../Engine/Plugins/Runtime/OpenXR/Content/Devices/OculusTouch_v2/MRTexture.uexp" 442
"../../../Engine/Plugins/Runtime/OpenXR/Content/Devices/OculusTouch_v2/MI_OculusTouch_v2.uasset" 443
"../../../Engine/Plugins/Runtime/OpenXR/Content/Devices/OculusTouch_v2/MI_OculusTouch_v2.uexp" 444
"../../../Engine/Plugins/Runtime/OpenXR/Content/Devices/OculusTouch_v2/Left/left_OculusTouch_v2Controller.ubulk" 445
"../../../Engine/Plugins/Runtime/OpenXR/Content/Devices/OculusTouch_v2/Left/left_OculusTouch_v2Controller.uasset" 446
"../../../Engine/Plugins/Runtime/OpenXR/Content/Devices/OculusTouch_v2/Left/left_OculusTouch_v2Controller.uexp" 447
"../../../Engine/Plugins/Runtime/OpenXR/Content/Devices/OculusTouch_v2/Right/right_OculusTouch_v2Controller.ubulk" 448
"../../../Engine/Plugins/Runtime/OpenXR/Content/Devices/OculusTouch_v2/Right/right_OculusTouch_v2Controller.uasset" 449
"../../../Engine/Plugins/Runtime/OpenXR/Content/Devices/OculusTouch_v2/Right/right_OculusTouch_v2Controller.uexp" 450
"../../../Engine/Plugins/Runtime/OpenXR/Content/Devices/OculusTouch_v3/MRTexture.ubulk" 451
"../../../Engine/Plugins/Runtime/OpenXR/Content/Devices/OculusTouch_v3/MRTexture.uasset" 452
"../../../Engine/Plugins/Runtime/OpenXR/Content/Devices/OculusTouch_v3/MRTexture.uexp" 453
"../../../Engine/Plugins/Runtime/OpenXR/Content/Devices/OculusTouch_v3/BaseTexture.ubulk" 454
"../../../Engine/Plugins/Runtime/OpenXR/Content/Devices/OculusTouch_v3/BaseTexture.uasset" 455
"../../../Engine/Plugins/Runtime/OpenXR/Content/Devices/OculusTouch_v3/BaseTexture.uexp" 456
"../../../Engine/Plugins/Runtime/OpenXR/Content/Devices/OculusTouch_v3/MI_OculusTouch_v3.uasset" 457
"../../../Engine/Plugins/Runtime/OpenXR/Content/Devices/OculusTouch_v3/MI_OculusTouch_v3.uexp" 458
"../../../Engine/Plugins/Runtime/OpenXR/Content/Devices/OculusTouch_v3/Left/left_OculusTouch_v3Controller.ubulk" 459
"../../../Engine/Plugins/Runtime/OpenXR/Content/Devices/OculusTouch_v3/Left/left_OculusTouch_v3Controller.uasset" 460
"../../../Engine/Plugins/Runtime/OpenXR/Content/Devices/OculusTouch_v3/Left/left_OculusTouch_v3Controller.uexp" 461
"../../../Engine/Plugins/Runtime/OpenXR/Content/Devices/OculusTouch_v3/Right/right_OculusTouch_v3Controller.ubulk" 462
"../../../Engine/Plugins/Runtime/OpenXR/Content/Devices/OculusTouch_v3/Right/right_OculusTouch_v3Controller.uasset" 463
"../../../Engine/Plugins/Runtime/OpenXR/Content/Devices/OculusTouch_v3/Right/right_OculusTouch_v3Controller.uexp" 464
"../../../Engine/Plugins/Runtime/OpenXR/Content/Devices/ValveIndex/MRTexture.ubulk" 465
"../../../Engine/Plugins/Runtime/OpenXR/Content/Devices/ValveIndex/MRTexture.uasset" 466
"../../../Engine/Plugins/Runtime/OpenXR/Content/Devices/ValveIndex/MRTexture.uexp" 467
"../../../Engine/Plugins/Runtime/OpenXR/Content/Devices/ValveIndex/BaseTexture.ubulk" 468
"../../../Engine/Plugins/Runtime/OpenXR/Content/Devices/ValveIndex/BaseTexture.uasset" 469
"../../../Engine/Plugins/Runtime/OpenXR/Content/Devices/ValveIndex/BaseTexture.uexp" 470
"../../../Engine/Plugins/Runtime/OpenXR/Content/Devices/ValveIndex/Left/MI_left_ValveIndex.uasset" 471
"../../../Engine/Plugins/Runtime/OpenXR/Content/Devices/ValveIndex/Left/MI_left_ValveIndex.uexp" 472
"../../../Engine/Plugins/Runtime/OpenXR/Content/Devices/ValveIndex/Left/left_ValveIndexController.ubulk" 473
"../../../Engine/Plugins/Runtime/OpenXR/Content/Devices/ValveIndex/Left/left_ValveIndexController.uasset" 474
"../../../Engine/Plugins/Runtime/OpenXR/Content/Devices/ValveIndex/Left/left_ValveIndexController.uexp" 475
"../../../Engine/Plugins/Runtime/OpenXR/Content/Devices/ValveIndex/Right/MI_right_ValveIndex.uasset" 476
"../../../Engine/Plugins/Runtime/OpenXR/Content/Devices/ValveIndex/Right/MI_right_ValveIndex.uexp" 477
"../../../Engine/Plugins/Runtime/OpenXR/Content/Devices/ValveIndex/Right/right_ValveIndexController.ubulk" 478
"../../../Engine/Plugins/Runtime/OpenXR/Content/Devices/ValveIndex/Right/right_ValveIndexController.uasset" 479
"../../../Engine/Plugins/Runtime/OpenXR/Content/Devices/ValveIndex/Right/right_ValveIndexController.uexp" 480
"../../../Engine/Content/EditorMaterials/Camera/CineMat.uasset" 481
"../../../Engine/Content/EditorMaterials/Camera/CineMat.uexp" 482
"../../../Engine/Content/EditorMaterials/Camera/MI_CineMat_Rig.uasset" 483
"../../../Engine/Content/EditorMaterials/Camera/MI_CineMat_Rig.uexp" 484
"../../../Engine/Content/EditorMeshes/Camera/SM_CraneRig_Arm.ubulk" 485
"../../../Engine/Content/EditorMeshes/Camera/SM_CraneRig_Arm.uasset" 486
"../../../Engine/Content/EditorMeshes/Camera/SM_CraneRig_Arm.uexp" 487
"../../../Engine/Content/EditorMeshes/Camera/SM_CraneRig_Base.ubulk" 488
"../../../Engine/Content/EditorMeshes/Camera/SM_CraneRig_Base.uasset" 489
"../../../Engine/Content/EditorMeshes/Camera/SM_CraneRig_Base.uexp" 490
"../../../Engine/Content/EditorMeshes/Camera/SM_CraneRig_Body.ubulk" 491
"../../../Engine/Content/EditorMeshes/Camera/SM_CraneRig_Body.uasset" 492
"../../../Engine/Content/EditorMeshes/Camera/SM_CraneRig_Body.uexp" 493
"../../../Engine/Content/EditorMeshes/Camera/SM_CraneRig_Mount.ubulk" 494
"../../../Engine/Content/EditorMeshes/Camera/SM_CraneRig_Mount.uasset" 495
"../../../Engine/Content/EditorMeshes/Camera/SM_CraneRig_Mount.uexp" 496
"../../../Engine/Content/EditorMeshes/Camera/SM_RailRig_Mount.ubulk" 497
"../../../Engine/Content/EditorMeshes/Camera/SM_RailRig_Mount.uasset" 498
"../../../Engine/Content/EditorMeshes/Camera/SM_RailRig_Mount.uexp" 499
"../../../Engine/Content/EditorMeshes/Camera/SM_RailRig_Track.ubulk" 500
"../../../Engine/Content/EditorMeshes/Camera/SM_RailRig_Track.uasset" 501
"../../../Engine/Content/EditorMeshes/Camera/SM_RailRig_Track.uexp" 502
"../../../Engine/Content/EngineSky/VolumetricClouds/T_CloudMask.ubulk" 503
"../../../Engine/Content/EngineSky/VolumetricClouds/T_CloudMask.uasset" 504
"../../../Engine/Content/EngineSky/VolumetricClouds/T_CloudMask.uexp" 505
"../../../Engine/Content/EngineSky/VolumetricClouds/VT_Lightning.uasset" 506
"../../../Engine/Content/EngineSky/VolumetricClouds/VT_Lightning.uexp" 507
"../../../Engine/Content/EngineSky/VolumetricClouds/T_Profile_08.ubulk" 508
"../../../Engine/Content/EngineSky/VolumetricClouds/T_Profile_08.uasset" 509
"../../../Engine/Content/EngineSky/VolumetricClouds/T_Profile_08.uexp" 510
"../../../Engine/Content/Functions/Engine_MaterialFunctions01/Units/Km-to-Cm.uasset" 511
"../../../Engine/Content/Functions/Engine_MaterialFunctions01/Units/Km-to-Cm.uexp" 512
"../../../Engine/Content/EngineSky/VolumetricClouds/T_CloudPattern.ubulk" 513
"../../../Engine/Content/EngineSky/VolumetricClouds/T_CloudPattern.uasset" 514
"../../../Engine/Content/EngineSky/VolumetricClouds/T_CloudPattern.uexp" 515
"../../../Engine/Content/EngineSky/VolumetricClouds/VT_PerlinWorley_Balanced.uasset" 516
"../../../Engine/Content/EngineSky/VolumetricClouds/VT_PerlinWorley_Balanced.uexp" 517
"../../../Engine/Content/EngineSky/VolumetricClouds/m_SimpleVolumetricCloud.uasset" 518
"../../../Engine/Content/EngineSky/VolumetricClouds/m_SimpleVolumetricCloud.uexp" 519
"../../../Engine/Content/EngineSky/VolumetricClouds/m_SimpleVolumetricCloud_Inst.uasset" 520
"../../../Engine/Content/EngineSky/VolumetricClouds/m_SimpleVolumetricCloud_Inst.uexp" 521
"../../../Engine/Content/VREditor/LaserPointer/VR_LaserPower_01.ubulk" 522
"../../../Engine/Content/VREditor/LaserPointer/VR_LaserPower_01.uasset" 523
"../../../Engine/Content/VREditor/LaserPointer/VR_LaserPower_01.uexp" 524
"../../../Engine/Content/VREditor/TransformGizmo/TransformGizmoMaterial.uasset" 525
"../../../Engine/Content/VREditor/TransformGizmo/TransformGizmoMaterial.uexp" 526
"../../../Engine/Content/VREditor/TransformGizmo/TranslucentTransformGizmoMaterial.uasset" 527
"../../../Engine/Content/VREditor/TransformGizmo/TranslucentTransformGizmoMaterial.uexp" 528
"../../../Engine/Content/VREditor/TransformGizmo/BoundingBoxCorner.ubulk" 529
"../../../Engine/Content/VREditor/TransformGizmo/BoundingBoxCorner.uasset" 530
"../../../Engine/Content/VREditor/TransformGizmo/BoundingBoxCorner.uexp" 531
"../../../Engine/Content/VREditor/TransformGizmo/BoundingBoxEdge.ubulk" 532
"../../../Engine/Content/VREditor/TransformGizmo/BoundingBoxEdge.uasset" 533
"../../../Engine/Content/VREditor/TransformGizmo/BoundingBoxEdge.uexp" 534
"../../../Engine/Content/VREditor/TransformGizmo/Main.uasset" 535
"../../../Engine/Content/VREditor/TransformGizmo/Main.uexp" 536
"../../../Engine/Content/VREditor/TransformGizmo/Xray.uasset" 537
"../../../Engine/Content/VREditor/TransformGizmo/Xray.uexp" 538
"../../../Engine/Content/VREditor/TransformGizmo/SM_Sequencer_Node.ubulk" 539
"../../../Engine/Content/VREditor/TransformGizmo/SM_Sequencer_Node.uasset" 540
"../../../Engine/Content/VREditor/TransformGizmo/SM_Sequencer_Node.uexp" 541
"../../../Engine/Content/Functions/Engine_MaterialFunctions02/Math/Transform3x3Matrix.uasset" 542
"../../../Engine/Content/Functions/Engine_MaterialFunctions02/Math/Transform3x3Matrix.uexp" 543
"../../../Engine/Plugins/Interchange/Assets/Content/gltf/Textures/T_White_srgb.uasset" 544
"../../../Engine/Plugins/Interchange/Assets/Content/gltf/Textures/T_White_srgb.uexp" 545
"../../../Engine/Plugins/Interchange/Assets/Content/gltf/MaterialFunctions/MF_Specular.uasset" 546
"../../../Engine/Plugins/Interchange/Assets/Content/gltf/MaterialFunctions/MF_Specular.uexp" 547
"../../../Engine/Plugins/Interchange/Assets/Content/gltf/Textures/T_Anisotropy_Direction_Linear.uasset" 548
"../../../Engine/Plugins/Interchange/Assets/Content/gltf/Textures/T_Anisotropy_Direction_Linear.uexp" 549
"../../../Engine/Plugins/Interchange/Assets/Content/gltf/MaterialFunctions/MF_SpecularAnisotropy.uasset" 550
"../../../Engine/Plugins/Interchange/Assets/Content/gltf/MaterialFunctions/MF_SpecularAnisotropy.uexp" 551
"../../../Engine/Plugins/Interchange/Assets/Content/gltf/Textures/T_White_Linear.uasset" 552
"../../../Engine/Plugins/Interchange/Assets/Content/gltf/Textures/T_White_Linear.uexp" 553
"../../../Engine/Plugins/Interchange/Assets/Content/gltf/MaterialFunctions/MF_MetallicRoughness.uasset" 554
"../../../Engine/Plugins/Interchange/Assets/Content/gltf/MaterialFunctions/MF_MetallicRoughness.uexp" 555
"../../../Engine/Plugins/Interchange/Assets/Content/gltf/Textures/T_Generic_N.uasset" 556
"../../../Engine/Plugins/Interchange/Assets/Content/gltf/Textures/T_Generic_N.uexp" 557
"../../../Engine/Plugins/Interchange/Assets/Content/gltf/MaterialFunctions/MF_ScaleNormal.uasset" 558
"../../../Engine/Plugins/Interchange/Assets/Content/gltf/MaterialFunctions/MF_ScaleNormal.uexp" 559
"../../../Engine/Plugins/Interchange/Assets/Content/gltf/MaterialFunctions/MF_BaseColor.uasset" 560
"../../../Engine/Plugins/Interchange/Assets/Content/gltf/MaterialFunctions/MF_BaseColor.uexp" 561
"../../../Engine/Plugins/Interchange/Assets/Content/gltf/MaterialFunctions/MF_Iridescence.uasset" 562
"../../../Engine/Plugins/Interchange/Assets/Content/gltf/MaterialFunctions/MF_Iridescence.uexp" 563
"../../../Engine/Plugins/Interchange/Assets/Content/gltf/MaterialFunctions/MF_Occlusion.uasset" 564
"../../../Engine/Plugins/Interchange/Assets/Content/gltf/MaterialFunctions/MF_Occlusion.uexp" 565
"../../../Engine/Plugins/Interchange/Assets/Content/gltf/MaterialFunctions/MF_IOR.uasset" 566
"../../../Engine/Plugins/Interchange/Assets/Content/gltf/MaterialFunctions/MF_IOR.uexp" 567
"../../../Engine/Plugins/Interchange/Assets/Content/gltf/MaterialFunctions/MF_RotateV2.uasset" 568
"../../../Engine/Plugins/Interchange/Assets/Content/gltf/MaterialFunctions/MF_RotateV2.uexp" 569
"../../../Engine/Plugins/Interchange/Assets/Content/gltf/MaterialFunctions/MF_TransformUVs.uasset" 570
"../../../Engine/Plugins/Interchange/Assets/Content/gltf/MaterialFunctions/MF_TransformUVs.uexp" 571
"../../../Engine/Plugins/Interchange/Assets/Content/gltf/MaterialFunctions/MF_Emissive.uasset" 572
"../../../Engine/Plugins/Interchange/Assets/Content/gltf/MaterialFunctions/MF_Emissive.uexp" 573
"../../../Engine/Plugins/Interchange/Assets/Content/gltf/MaterialFunctions/MF_RotateNormals_TS.uasset" 574
"../../../Engine/Plugins/Interchange/Assets/Content/gltf/MaterialFunctions/MF_RotateNormals_TS.uexp" 575
"../../../Engine/Plugins/Interchange/Assets/Content/gltf/MaterialFunctions/MF_Normals.uasset" 576
"../../../Engine/Plugins/Interchange/Assets/Content/gltf/MaterialFunctions/MF_Normals.uexp" 577
"../../../Engine/Content/Functions/Engine_MaterialFunctions01/Texturing/FlattenNormal.uasset" 578
"../../../Engine/Content/Functions/Engine_MaterialFunctions01/Texturing/FlattenNormal.uexp" 579
"../../../Engine/Plugins/Interchange/Assets/Content/gltf/MaterialFunctions/MF_Clearcoat.uasset" 580
"../../../Engine/Plugins/Interchange/Assets/Content/gltf/MaterialFunctions/MF_Clearcoat.uexp" 581
"../../../Engine/Plugins/Interchange/Assets/Content/gltf/MaterialBodies/MF_ClearCoat_Body.uasset" 582
"../../../Engine/Plugins/Interchange/Assets/Content/gltf/MaterialBodies/MF_ClearCoat_Body.uexp" 583
"../../../Engine/Plugins/Interchange/Assets/Content/gltf/M_ClearCoat.uasset" 584
"../../../Engine/Plugins/Interchange/Assets/Content/gltf/M_ClearCoat.uexp" 585
"../../../Engine/Plugins/Interchange/Assets/Content/gltf/MaterialInstances/MI_ClearCoat_Blend.uasset" 586
"../../../Engine/Plugins/Interchange/Assets/Content/gltf/MaterialInstances/MI_ClearCoat_Blend.uexp" 587
"../../../Engine/Plugins/Interchange/Assets/Content/gltf/MaterialInstances/MI_ClearCoat_Blend_DS.uasset" 588
"../../../Engine/Plugins/Interchange/Assets/Content/gltf/MaterialInstances/MI_ClearCoat_Blend_DS.uexp" 589
"../../../Engine/Plugins/Interchange/Assets/Content/gltf/MaterialInstances/MI_ClearCoat_Mask.uasset" 590
"../../../Engine/Plugins/Interchange/Assets/Content/gltf/MaterialInstances/MI_ClearCoat_Mask.uexp" 591
"../../../Engine/Plugins/Interchange/Assets/Content/gltf/MaterialInstances/MI_ClearCoat_Mask_DS.uasset" 592
"../../../Engine/Plugins/Interchange/Assets/Content/gltf/MaterialInstances/MI_ClearCoat_Mask_DS.uexp" 593
"../../../Engine/Plugins/Interchange/Assets/Content/gltf/MaterialInstances/MI_ClearCoat_Opaque.uasset" 594
"../../../Engine/Plugins/Interchange/Assets/Content/gltf/MaterialInstances/MI_ClearCoat_Opaque.uexp" 595
"../../../Engine/Plugins/Interchange/Assets/Content/gltf/MaterialInstances/MI_ClearCoat_Opaque_DS.uasset" 596
"../../../Engine/Plugins/Interchange/Assets/Content/gltf/MaterialInstances/MI_ClearCoat_Opaque_DS.uexp" 597
"../../../Engine/Plugins/Interchange/Assets/Content/gltf/MaterialBodies/MF_Default_Body.uasset" 598
"../../../Engine/Plugins/Interchange/Assets/Content/gltf/MaterialBodies/MF_Default_Body.uexp" 599
"../../../Engine/Plugins/Interchange/Assets/Content/gltf/M_Default.uasset" 600
"../../../Engine/Plugins/Interchange/Assets/Content/gltf/M_Default.uexp" 601
"../../../Engine/Plugins/Interchange/Assets/Content/gltf/MaterialInstances/MI_Default_Blend.uasset" 602
"../../../Engine/Plugins/Interchange/Assets/Content/gltf/MaterialInstances/MI_Default_Blend.uexp" 603
"../../../Engine/Plugins/Interchange/Assets/Content/gltf/MaterialInstances/MI_Default_Blend_DS.uasset" 604
"../../../Engine/Plugins/Interchange/Assets/Content/gltf/MaterialInstances/MI_Default_Blend_DS.uexp" 605
"../../../Engine/Plugins/Interchange/Assets/Content/gltf/MaterialInstances/MI_Default_Mask.uasset" 606
"../../../Engine/Plugins/Interchange/Assets/Content/gltf/MaterialInstances/MI_Default_Mask.uexp" 607
"../../../Engine/Plugins/Interchange/Assets/Content/gltf/MaterialInstances/MI_Default_Mask_DS.uasset" 608
"../../../Engine/Plugins/Interchange/Assets/Content/gltf/MaterialInstances/MI_Default_Mask_DS.uexp" 609
"../../../Engine/Plugins/Interchange/Assets/Content/gltf/MaterialInstances/MI_Default_Opaque.uasset" 610
"../../../Engine/Plugins/Interchange/Assets/Content/gltf/MaterialInstances/MI_Default_Opaque.uexp" 611
"../../../Engine/Plugins/Interchange/Assets/Content/gltf/MaterialInstances/MI_Default_Opaque_DS.uasset" 612
"../../../Engine/Plugins/Interchange/Assets/Content/gltf/MaterialInstances/MI_Default_Opaque_DS.uexp" 613
"../../../Engine/Plugins/Interchange/Assets/Content/gltf/MaterialFunctions/MF_Sheen.uasset" 614
"../../../Engine/Plugins/Interchange/Assets/Content/gltf/MaterialFunctions/MF_Sheen.uexp" 615
"../../../Engine/Plugins/Interchange/Assets/Content/gltf/MaterialBodies/MF_Sheen_Body.uasset" 616
"../../../Engine/Plugins/Interchange/Assets/Content/gltf/MaterialBodies/MF_Sheen_Body.uexp" 617
"../../../Engine/Plugins/Interchange/Assets/Content/gltf/M_Sheen.uasset" 618
"../../../Engine/Plugins/Interchange/Assets/Content/gltf/M_Sheen.uexp" 619
"../../../Engine/Plugins/Interchange/Assets/Content/gltf/MaterialInstances/MI_Sheen_Blend.uasset" 620
"../../../Engine/Plugins/Interchange/Assets/Content/gltf/MaterialInstances/MI_Sheen_Blend.uexp" 621
"../../../Engine/Plugins/Interchange/Assets/Content/gltf/MaterialInstances/MI_Sheen_Blend_DS.uasset" 622
"../../../Engine/Plugins/Interchange/Assets/Content/gltf/MaterialInstances/MI_Sheen_Blend_DS.uexp" 623
"../../../Engine/Plugins/Interchange/Assets/Content/gltf/MaterialInstances/MI_Sheen_Mask.uasset" 624
"../../../Engine/Plugins/Interchange/Assets/Content/gltf/MaterialInstances/MI_Sheen_Mask.uexp" 625
"../../../Engine/Plugins/Interchange/Assets/Content/gltf/MaterialInstances/MI_Sheen_Mask_DS.uasset" 626
"../../../Engine/Plugins/Interchange/Assets/Content/gltf/MaterialInstances/MI_Sheen_Mask_DS.uexp" 627
"../../../Engine/Plugins/Interchange/Assets/Content/gltf/MaterialInstances/MI_Sheen_Opaque.uasset" 628
"../../../Engine/Plugins/Interchange/Assets/Content/gltf/MaterialInstances/MI_Sheen_Opaque.uexp" 629
"../../../Engine/Plugins/Interchange/Assets/Content/gltf/MaterialInstances/MI_Sheen_Opaque_DS.uasset" 630
"../../../Engine/Plugins/Interchange/Assets/Content/gltf/MaterialInstances/MI_Sheen_Opaque_DS.uexp" 631
"../../../Engine/Content/Functions/Engine_MaterialFunctions02/Math/AddComponents.uasset" 632
"../../../Engine/Content/Functions/Engine_MaterialFunctions02/Math/AddComponents.uexp" 633
"../../../Engine/Plugins/Interchange/Assets/Content/gltf/MaterialFunctions/MF_DiffuseSpecGloss.uasset" 634
"../../../Engine/Plugins/Interchange/Assets/Content/gltf/MaterialFunctions/MF_DiffuseSpecGloss.uexp" 635
"../../../Engine/Plugins/Interchange/Assets/Content/gltf/MaterialFunctions/MF_PerceivedBrightness.uasset" 636
"../../../Engine/Plugins/Interchange/Assets/Content/gltf/MaterialFunctions/MF_PerceivedBrightness.uexp" 637
"../../../Engine/Plugins/Interchange/Assets/Content/gltf/MaterialFunctions/MF_SpecGlossToMetalRoughness.uasset" 638
"../../../Engine/Plugins/Interchange/Assets/Content/gltf/MaterialFunctions/MF_SpecGlossToMetalRoughness.uexp" 639
"../../../Engine/Plugins/Interchange/Assets/Content/gltf/MaterialFunctions/MF_MaxComponentValue.uasset" 640
"../../../Engine/Plugins/Interchange/Assets/Content/gltf/MaterialFunctions/MF_MaxComponentValue.uexp" 641
"../../../Engine/Plugins/Interchange/Assets/Content/gltf/MaterialBodies/MF_SpecularGlossiness_Body.uasset" 642
"../../../Engine/Plugins/Interchange/Assets/Content/gltf/MaterialBodies/MF_SpecularGlossiness_Body.uexp" 643
"../../../Engine/Plugins/Interchange/Assets/Content/gltf/M_SpecularGlossiness.uasset" 644
"../../../Engine/Plugins/Interchange/Assets/Content/gltf/M_SpecularGlossiness.uexp" 645
"../../../Engine/Plugins/Interchange/Assets/Content/gltf/MaterialInstances/MI_SpecularGlossiness_Blend.uasset" 646
"../../../Engine/Plugins/Interchange/Assets/Content/gltf/MaterialInstances/MI_SpecularGlossiness_Blend.uexp" 647
"../../../Engine/Plugins/Interchange/Assets/Content/gltf/MaterialInstances/MI_SpecularGlossiness_Blend_DS.uasset" 648
"../../../Engine/Plugins/Interchange/Assets/Content/gltf/MaterialInstances/MI_SpecularGlossiness_Blend_DS.uexp" 649
"../../../Engine/Plugins/Interchange/Assets/Content/gltf/MaterialInstances/MI_SpecularGlossiness_Mask.uasset" 650
"../../../Engine/Plugins/Interchange/Assets/Content/gltf/MaterialInstances/MI_SpecularGlossiness_Mask.uexp" 651
"../../../Engine/Plugins/Interchange/Assets/Content/gltf/MaterialInstances/MI_SpecularGlossiness_Mask_DS.uasset" 652
"../../../Engine/Plugins/Interchange/Assets/Content/gltf/MaterialInstances/MI_SpecularGlossiness_Mask_DS.uexp" 653
"../../../Engine/Plugins/Interchange/Assets/Content/gltf/MaterialInstances/MI_SpecularGlossiness_Opaque.uasset" 654
"../../../Engine/Plugins/Interchange/Assets/Content/gltf/MaterialInstances/MI_SpecularGlossiness_Opaque.uexp" 655
"../../../Engine/Plugins/Interchange/Assets/Content/gltf/MaterialInstances/MI_SpecularGlossiness_Opaque_DS.uasset" 656
"../../../Engine/Plugins/Interchange/Assets/Content/gltf/MaterialInstances/MI_SpecularGlossiness_Opaque_DS.uexp" 657
"../../../Engine/Content/EngineMaterials/Good64x64TilingNoiseHighFreq.uasset" 658
"../../../Engine/Content/EngineMaterials/Good64x64TilingNoiseHighFreq.uexp" 659
"../../../Engine/Content/Functions/Engine_MaterialFunctions02/Texturing/ScreenAlignedPixelToPixelUVs.uasset" 660
"../../../Engine/Content/Functions/Engine_MaterialFunctions02/Texturing/ScreenAlignedPixelToPixelUVs.uexp" 661
"../../../Engine/Plugins/Interchange/Assets/Content/gltf/MaterialFunctions/MF_Temporal_Blur.uasset" 662
"../../../Engine/Plugins/Interchange/Assets/Content/gltf/MaterialFunctions/MF_Temporal_Blur.uexp" 663
"../../../Engine/Plugins/Interchange/Assets/Content/gltf/MaterialFunctions/MF_Fresnel_DS.uasset" 664
"../../../Engine/Plugins/Interchange/Assets/Content/gltf/MaterialFunctions/MF_Fresnel_DS.uexp" 665
"../../../Engine/Plugins/Interchange/Assets/Content/gltf/MaterialFunctions/MF_Transmission.uasset" 666
"../../../Engine/Plugins/Interchange/Assets/Content/gltf/MaterialFunctions/MF_Transmission.uexp" 667
"../../../Engine/Plugins/Interchange/Assets/Content/gltf/MaterialBodies/MF_Transmission_Body.uasset" 668
"../../../Engine/Plugins/Interchange/Assets/Content/gltf/MaterialBodies/MF_Transmission_Body.uexp" 669
"../../../Engine/Plugins/Interchange/Assets/Content/gltf/M_Transmission.uasset" 670
"../../../Engine/Plugins/Interchange/Assets/Content/gltf/M_Transmission.uexp" 671
"../../../Engine/Plugins/Interchange/Assets/Content/gltf/MaterialInstances/MI_Transmission.uasset" 672
"../../../Engine/Plugins/Interchange/Assets/Content/gltf/MaterialInstances/MI_Transmission.uexp" 673
"../../../Engine/Plugins/Interchange/Assets/Content/gltf/MaterialInstances/MI_Transmission_DS.uasset" 674
"../../../Engine/Plugins/Interchange/Assets/Content/gltf/MaterialInstances/MI_Transmission_DS.uexp" 675
"../../../Engine/Plugins/Interchange/Assets/Content/gltf/MaterialBodies/MF_Unlit_Body.uasset" 676
"../../../Engine/Plugins/Interchange/Assets/Content/gltf/MaterialBodies/MF_Unlit_Body.uexp" 677
"../../../Engine/Plugins/Interchange/Assets/Content/gltf/M_Unlit.uasset" 678
"../../../Engine/Plugins/Interchange/Assets/Content/gltf/M_Unlit.uexp" 679
"../../../Engine/Plugins/Interchange/Assets/Content/gltf/MaterialInstances/MI_Unlit_Blend.uasset" 680
"../../../Engine/Plugins/Interchange/Assets/Content/gltf/MaterialInstances/MI_Unlit_Blend.uexp" 681
"../../../Engine/Plugins/Interchange/Assets/Content/gltf/MaterialInstances/MI_Unlit_Blend_DS.uasset" 682
"../../../Engine/Plugins/Interchange/Assets/Content/gltf/MaterialInstances/MI_Unlit_Blend_DS.uexp" 683
"../../../Engine/Plugins/Interchange/Assets/Content/gltf/MaterialInstances/MI_Unlit_Mask.uasset" 684
"../../../Engine/Plugins/Interchange/Assets/Content/gltf/MaterialInstances/MI_Unlit_Mask.uexp" 685
"../../../Engine/Plugins/Interchange/Assets/Content/gltf/MaterialInstances/MI_Unlit_Mask_DS.uasset" 686
"../../../Engine/Plugins/Interchange/Assets/Content/gltf/MaterialInstances/MI_Unlit_Mask_DS.uexp" 687
"../../../Engine/Plugins/Interchange/Assets/Content/gltf/MaterialInstances/MI_Unlit_Opaque.uasset" 688
"../../../Engine/Plugins/Interchange/Assets/Content/gltf/MaterialInstances/MI_Unlit_Opaque.uexp" 689
"../../../Engine/Plugins/Interchange/Assets/Content/gltf/MaterialInstances/MI_Unlit_Opaque_DS.uasset" 690
"../../../Engine/Plugins/Interchange/Assets/Content/gltf/MaterialInstances/MI_Unlit_Opaque_DS.uexp" 691
"../../../Engine/Plugins/Runtime/OpenXR/Content/Devices/HTCVive/BaseTexture.ubulk" 692
"../../../Engine/Plugins/Runtime/OpenXR/Content/Devices/HTCVive/BaseTexture.uasset" 693
"../../../Engine/Plugins/Runtime/OpenXR/Content/Devices/HTCVive/BaseTexture.uexp" 694
"../../../Engine/Plugins/Runtime/OpenXR/Content/Devices/HTCVive/MI_HTCVive.uasset" 695
"../../../Engine/Plugins/Runtime/OpenXR/Content/Devices/HTCVive/MI_HTCVive.uexp" 696
"../../../Engine/Plugins/Runtime/OpenXR/Content/Devices/HTCVive/HTCViveController.ubulk" 697
"../../../Engine/Plugins/Runtime/OpenXR/Content/Devices/HTCVive/HTCViveController.uasset" 698
"../../../Engine/Plugins/Runtime/OpenXR/Content/Devices/HTCVive/HTCViveController.uexp" 699
"../../../Engine/Plugins/Runtime/OpenXR/Content/Devices/OculusGo/BaseTexture.ubulk" 700
"../../../Engine/Plugins/Runtime/OpenXR/Content/Devices/OculusGo/BaseTexture.uasset" 701
"../../../Engine/Plugins/Runtime/OpenXR/Content/Devices/OculusGo/BaseTexture.uexp" 702
"../../../Engine/Plugins/Runtime/OpenXR/Content/Devices/OculusGo/MI_OculusGo.uasset" 703
"../../../Engine/Plugins/Runtime/OpenXR/Content/Devices/OculusGo/MI_OculusGo.uexp" 704
"../../../Engine/Plugins/Runtime/OpenXR/Content/Devices/OculusGo/OculusGoController.ubulk" 705
"../../../Engine/Plugins/Runtime/OpenXR/Content/Devices/OculusGo/OculusGoController.uasset" 706
"../../../Engine/Plugins/Runtime/OpenXR/Content/Devices/OculusGo/OculusGoController.uexp" 707
"../../../Engine/Content/EngineMaterials/DefaultMaterial.uasset" 708
"../../../Engine/Content/EngineMaterials/DefaultMaterial.uexp" 709
"../../../Engine/Content/BasicShapes/Cone.ubulk" 710
"../../../Engine/Content/BasicShapes/Cone.uasset" 711
"../../../Engine/Content/BasicShapes/Cone.uexp" 712
"../../../Engine/Content/BasicShapes/Plane.ubulk" 713
"../../../Engine/Content/BasicShapes/Plane.uasset" 714
"../../../Engine/Content/BasicShapes/Plane.uexp" 715
"../../../Engine/Content/EditorLandscapeResources/SplineEditorMeshMat.uasset" 716
"../../../Engine/Content/EditorLandscapeResources/SplineEditorMeshMat.uexp" 717
"../../../Engine/Content/EditorLandscapeResources/SplineEditorMesh.ubulk" 718
"../../../Engine/Content/EditorLandscapeResources/SplineEditorMesh.uasset" 719
"../../../Engine/Content/EditorLandscapeResources/SplineEditorMesh.uexp" 720
"../../../Engine/Content/EngineResources/WhiteSquareTexture.uasset" 721
"../../../Engine/Content/EngineResources/WhiteSquareTexture.uexp" 722
"../../../Engine/Content/EngineMaterials/Widget3DPassThrough.uasset" 723
"../../../Engine/Content/EngineMaterials/Widget3DPassThrough.uexp" 724
"../../../Engine/Content/EngineMaterials/Widget3DPassThrough_Masked.uasset" 725
"../../../Engine/Content/EngineMaterials/Widget3DPassThrough_Masked.uexp" 726
"../../../Engine/Content/EngineMaterials/Widget3DPassThrough_Opaque.uasset" 727
"../../../Engine/Content/EngineMaterials/Widget3DPassThrough_Opaque.uexp" 728
"../../../Engine/Content/EngineMaterials/Widget3DPassThrough_Masked_OneSided.uasset" 729
"../../../Engine/Content/EngineMaterials/Widget3DPassThrough_Masked_OneSided.uexp" 730
"../../../Engine/Content/EngineMaterials/Widget3DPassThrough_Opaque_OneSided.uasset" 731
"../../../Engine/Content/EngineMaterials/Widget3DPassThrough_Opaque_OneSided.uexp" 732
"../../../Engine/Content/EngineMaterials/Widget3DPassThrough_Translucent.uasset" 733
"../../../Engine/Content/EngineMaterials/Widget3DPassThrough_Translucent.uexp" 734
"../../../Engine/Content/EngineMaterials/Widget3DPassThrough_Translucent_OneSided.uasset" 735
"../../../Engine/Content/EngineMaterials/Widget3DPassThrough_Translucent_OneSided.uexp" 736
"../../../Engine/Plugins/Animation/ControlRig/Content/Controls/ControlRig_Arrow2_1mm.ubulk" 737
"../../../Engine/Plugins/Animation/ControlRig/Content/Controls/ControlRig_Arrow2_1mm.uasset" 738
"../../../Engine/Plugins/Animation/ControlRig/Content/Controls/ControlRig_Arrow2_1mm.uexp" 739
"../../../Engine/Plugins/Animation/ControlRig/Content/Controls/ControlRig_Arrow2_3mm.ubulk" 740
"../../../Engine/Plugins/Animation/ControlRig/Content/Controls/ControlRig_Arrow2_3mm.uasset" 741
"../../../Engine/Plugins/Animation/ControlRig/Content/Controls/ControlRig_Arrow2_3mm.uexp" 742
"../../../Engine/Plugins/Animation/ControlRig/Content/Controls/ControlRig_Arrow2_solid.ubulk" 743
"../../../Engine/Plugins/Animation/ControlRig/Content/Controls/ControlRig_Arrow2_solid.uasset" 744
"../../../Engine/Plugins/Animation/ControlRig/Content/Controls/ControlRig_Arrow2_solid.uexp" 745
"../../../Engine/Plugins/Animation/ControlRig/Content/Controls/ControlRig_Arrow4_1mm.ubulk" 746
"../../../Engine/Plugins/Animation/ControlRig/Content/Controls/ControlRig_Arrow4_1mm.uasset" 747
"../../../Engine/Plugins/Animation/ControlRig/Content/Controls/ControlRig_Arrow4_1mm.uexp" 748
"../../../Engine/Plugins/Animation/ControlRig/Content/Controls/ControlRig_Arrow4_3mm.ubulk" 749
"../../../Engine/Plugins/Animation/ControlRig/Content/Controls/ControlRig_Arrow4_3mm.uasset" 750
"../../../Engine/Plugins/Animation/ControlRig/Content/Controls/ControlRig_Arrow4_3mm.uexp" 751
"../../../Engine/Plugins/Animation/ControlRig/Content/Controls/ControlRig_Arrow4_solid.ubulk" 752
"../../../Engine/Plugins/Animation/ControlRig/Content/Controls/ControlRig_Arrow4_solid.uasset" 753
"../../../Engine/Plugins/Animation/ControlRig/Content/Controls/ControlRig_Arrow4_solid.uexp" 754
"../../../Engine/Plugins/Animation/ControlRig/Content/Controls/ControlRig_Arrow_1mm.ubulk" 755
"../../../Engine/Plugins/Animation/ControlRig/Content/Controls/ControlRig_Arrow_1mm.uasset" 756
"../../../Engine/Plugins/Animation/ControlRig/Content/Controls/ControlRig_Arrow_1mm.uexp" 757
"../../../Engine/Plugins/Animation/ControlRig/Content/Controls/ControlRig_Arrow_3mm.ubulk" 758
"../../../Engine/Plugins/Animation/ControlRig/Content/Controls/ControlRig_Arrow_3mm.uasset" 759
"../../../Engine/Plugins/Animation/ControlRig/Content/Controls/ControlRig_Arrow_3mm.uexp" 760
"../../../Engine/Plugins/Animation/ControlRig/Content/Controls/ControlRig_Arrow_solid.ubulk" 761
"../../../Engine/Plugins/Animation/ControlRig/Content/Controls/ControlRig_Arrow_solid.uasset" 762
"../../../Engine/Plugins/Animation/ControlRig/Content/Controls/ControlRig_Arrow_solid.uexp" 763
"../../../Engine/Plugins/Animation/ControlRig/Content/Controls/ControlRig_Box_1mm.ubulk" 764
"../../../Engine/Plugins/Animation/ControlRig/Content/Controls/ControlRig_Box_1mm.uasset" 765
"../../../Engine/Plugins/Animation/ControlRig/Content/Controls/ControlRig_Box_1mm.uexp" 766
"../../../Engine/Plugins/Animation/ControlRig/Content/Controls/ControlRig_Box_3mm.ubulk" 767
"../../../Engine/Plugins/Animation/ControlRig/Content/Controls/ControlRig_Box_3mm.uasset" 768
"../../../Engine/Plugins/Animation/ControlRig/Content/Controls/ControlRig_Box_3mm.uexp" 769
"../../../Engine/Plugins/Animation/ControlRig/Content/Controls/ControlRig_Box_solid.ubulk" 770
"../../../Engine/Plugins/Animation/ControlRig/Content/Controls/ControlRig_Box_solid.uasset" 771
"../../../Engine/Plugins/Animation/ControlRig/Content/Controls/ControlRig_Box_solid.uexp" 772
"../../../Engine/Plugins/Animation/ControlRig/Content/Controls/ControlRig_Circle_1mm.ubulk" 773
"../../../Engine/Plugins/Animation/ControlRig/Content/Controls/ControlRig_Circle_1mm.uasset" 774
"../../../Engine/Plugins/Animation/ControlRig/Content/Controls/ControlRig_Circle_1mm.uexp" 775
"../../../Engine/Plugins/Animation/ControlRig/Content/Controls/ControlRig_Circle_3mm.ubulk" 776
"../../../Engine/Plugins/Animation/ControlRig/Content/Controls/ControlRig_Circle_3mm.uasset" 777
"../../../Engine/Plugins/Animation/ControlRig/Content/Controls/ControlRig_Circle_3mm.uexp" 778
"../../../Engine/Plugins/Animation/ControlRig/Content/Controls/ControlRig_Circle_solid.ubulk" 779
"../../../Engine/Plugins/Animation/ControlRig/Content/Controls/ControlRig_Circle_solid.uasset" 780
"../../../Engine/Plugins/Animation/ControlRig/Content/Controls/ControlRig_Circle_solid.uexp" 781
"../../../Engine/Plugins/Animation/ControlRig/Content/Controls/ControlRig_Diamond_1mm.ubulk" 782
"../../../Engine/Plugins/Animation/ControlRig/Content/Controls/ControlRig_Diamond_1mm.uasset" 783
"../../../Engine/Plugins/Animation/ControlRig/Content/Controls/ControlRig_Diamond_1mm.uexp" 784
"../../../Engine/Plugins/Animation/ControlRig/Content/Controls/ControlRig_Diamond_3mm.ubulk" 785
"../../../Engine/Plugins/Animation/ControlRig/Content/Controls/ControlRig_Diamond_3mm.uasset" 786
"../../../Engine/Plugins/Animation/ControlRig/Content/Controls/ControlRig_Diamond_3mm.uexp" 787
"../../../Engine/Plugins/Animation/ControlRig/Content/Controls/ControlRig_Diamond_solid.ubulk" 788
"../../../Engine/Plugins/Animation/ControlRig/Content/Controls/ControlRig_Diamond_solid.uasset" 789
"../../../Engine/Plugins/Animation/ControlRig/Content/Controls/ControlRig_Diamond_solid.uexp" 790
"../../../Engine/Plugins/Animation/ControlRig/Content/Controls/ControlRig_HalfCircle_1mm.ubulk" 791
"../../../Engine/Plugins/Animation/ControlRig/Content/Controls/ControlRig_HalfCircle_1mm.uasset" 792
"../../../Engine/Plugins/Animation/ControlRig/Content/Controls/ControlRig_HalfCircle_1mm.uexp" 793
"../../../Engine/Plugins/Animation/ControlRig/Content/Controls/ControlRig_HalfCircle_3mm.ubulk" 794
"../../../Engine/Plugins/Animation/ControlRig/Content/Controls/ControlRig_HalfCircle_3mm.uasset" 795
"../../../Engine/Plugins/Animation/ControlRig/Content/Controls/ControlRig_HalfCircle_3mm.uexp" 796
"../../../Engine/Plugins/Animation/ControlRig/Content/Controls/ControlRig_HalfCircle_solid.ubulk" 797
"../../../Engine/Plugins/Animation/ControlRig/Content/Controls/ControlRig_HalfCircle_solid.uasset" 798
"../../../Engine/Plugins/Animation/ControlRig/Content/Controls/ControlRig_HalfCircle_solid.uexp" 799
"../../../Engine/Plugins/Animation/ControlRig/Content/Controls/ControlRig_Hexagon_1mm.ubulk" 800
"../../../Engine/Plugins/Animation/ControlRig/Content/Controls/ControlRig_Hexagon_1mm.uasset" 801
"../../../Engine/Plugins/Animation/ControlRig/Content/Controls/ControlRig_Hexagon_1mm.uexp" 802
"../../../Engine/Plugins/Animation/ControlRig/Content/Controls/ControlRig_Hexagon_3mm.ubulk" 803
"../../../Engine/Plugins/Animation/ControlRig/Content/Controls/ControlRig_Hexagon_3mm.uasset" 804
"../../../Engine/Plugins/Animation/ControlRig/Content/Controls/ControlRig_Hexagon_3mm.uexp" 805
"../../../Engine/Plugins/Animation/ControlRig/Content/Controls/ControlRig_Hexagon_solid.ubulk" 806
"../../../Engine/Plugins/Animation/ControlRig/Content/Controls/ControlRig_Hexagon_solid.uasset" 807
"../../../Engine/Plugins/Animation/ControlRig/Content/Controls/ControlRig_Hexagon_solid.uexp" 808
"../../../Engine/Plugins/Animation/ControlRig/Content/Controls/ControlRig_Octagon_1mm.ubulk" 809
"../../../Engine/Plugins/Animation/ControlRig/Content/Controls/ControlRig_Octagon_1mm.uasset" 810
"../../../Engine/Plugins/Animation/ControlRig/Content/Controls/ControlRig_Octagon_1mm.uexp" 811
"../../../Engine/Plugins/Animation/ControlRig/Content/Controls/ControlRig_Octagon_3mm.ubulk" 812
"../../../Engine/Plugins/Animation/ControlRig/Content/Controls/ControlRig_Octagon_3mm.uasset" 813
"../../../Engine/Plugins/Animation/ControlRig/Content/Controls/ControlRig_Octagon_3mm.uexp" 814
"../../../Engine/Plugins/Animation/ControlRig/Content/Controls/ControlRig_Octagon_solid.ubulk" 815
"../../../Engine/Plugins/Animation/ControlRig/Content/Controls/ControlRig_Octagon_solid.uasset" 816
"../../../Engine/Plugins/Animation/ControlRig/Content/Controls/ControlRig_Octagon_solid.uexp" 817
"../../../Engine/Plugins/Animation/ControlRig/Content/Controls/ControlRig_Pyramid_1mm.ubulk" 818
"../../../Engine/Plugins/Animation/ControlRig/Content/Controls/ControlRig_Pyramid_1mm.uasset" 819
"../../../Engine/Plugins/Animation/ControlRig/Content/Controls/ControlRig_Pyramid_1mm.uexp" 820
"../../../Engine/Plugins/Animation/ControlRig/Content/Controls/ControlRig_Pyramid_3mm.ubulk" 821
"../../../Engine/Plugins/Animation/ControlRig/Content/Controls/ControlRig_Pyramid_3mm.uasset" 822
"../../../Engine/Plugins/Animation/ControlRig/Content/Controls/ControlRig_Pyramid_3mm.uexp" 823
"../../../Engine/Plugins/Animation/ControlRig/Content/Controls/ControlRig_Pyramid_solid.ubulk" 824
"../../../Engine/Plugins/Animation/ControlRig/Content/Controls/ControlRig_Pyramid_solid.uasset" 825
"../../../Engine/Plugins/Animation/ControlRig/Content/Controls/ControlRig_Pyramid_solid.uexp" 826
"../../../Engine/Plugins/Animation/ControlRig/Content/Controls/ControlRig_QuarterCircle_1mm.ubulk" 827
"../../../Engine/Plugins/Animation/ControlRig/Content/Controls/ControlRig_QuarterCircle_1mm.uasset" 828
"../../../Engine/Plugins/Animation/ControlRig/Content/Controls/ControlRig_QuarterCircle_1mm.uexp" 829
"../../../Engine/Plugins/Animation/ControlRig/Content/Controls/ControlRig_QuarterCircle_3mm.ubulk" 830
"../../../Engine/Plugins/Animation/ControlRig/Content/Controls/ControlRig_QuarterCircle_3mm.uasset" 831
"../../../Engine/Plugins/Animation/ControlRig/Content/Controls/ControlRig_QuarterCircle_3mm.uexp" 832
"../../../Engine/Plugins/Animation/ControlRig/Content/Controls/ControlRig_QuarterCircle_solid.ubulk" 833
"../../../Engine/Plugins/Animation/ControlRig/Content/Controls/ControlRig_QuarterCircle_solid.uasset" 834
"../../../Engine/Plugins/Animation/ControlRig/Content/Controls/ControlRig_QuarterCircle_solid.uexp" 835
"../../../Engine/Plugins/Animation/ControlRig/Content/Controls/ControlRig_RoundedSquare_1mm.ubulk" 836
"../../../Engine/Plugins/Animation/ControlRig/Content/Controls/ControlRig_RoundedSquare_1mm.uasset" 837
"../../../Engine/Plugins/Animation/ControlRig/Content/Controls/ControlRig_RoundedSquare_1mm.uexp" 838
"../../../Engine/Plugins/Animation/ControlRig/Content/Controls/ControlRig_RoundedSquare_3mm.ubulk" 839
"../../../Engine/Plugins/Animation/ControlRig/Content/Controls/ControlRig_RoundedSquare_3mm.uasset" 840
"../../../Engine/Plugins/Animation/ControlRig/Content/Controls/ControlRig_RoundedSquare_3mm.uexp" 841
"../../../Engine/Plugins/Animation/ControlRig/Content/Controls/ControlRig_RoundedSquare_solid.ubulk" 842
"../../../Engine/Plugins/Animation/ControlRig/Content/Controls/ControlRig_RoundedSquare_solid.uasset" 843
"../../../Engine/Plugins/Animation/ControlRig/Content/Controls/ControlRig_RoundedSquare_solid.uexp" 844
"../../../Engine/Plugins/Animation/ControlRig/Content/Controls/ControlRig_RoundedTriangle_1mm.ubulk" 845
"../../../Engine/Plugins/Animation/ControlRig/Content/Controls/ControlRig_RoundedTriangle_1mm.uasset" 846
"../../../Engine/Plugins/Animation/ControlRig/Content/Controls/ControlRig_RoundedTriangle_1mm.uexp" 847
"../../../Engine/Plugins/Animation/ControlRig/Content/Controls/ControlRig_RoundedTriangle_3mm.ubulk" 848
"../../../Engine/Plugins/Animation/ControlRig/Content/Controls/ControlRig_RoundedTriangle_3mm.uasset" 849
"../../../Engine/Plugins/Animation/ControlRig/Content/Controls/ControlRig_RoundedTriangle_3mm.uexp" 850
"../../../Engine/Plugins/Animation/ControlRig/Content/Controls/ControlRig_RoundedTriangle_solid.ubulk" 851
"../../../Engine/Plugins/Animation/ControlRig/Content/Controls/ControlRig_RoundedTriangle_solid.uasset" 852
"../../../Engine/Plugins/Animation/ControlRig/Content/Controls/ControlRig_RoundedTriangle_solid.uexp" 853
"../../../Engine/Plugins/Animation/ControlRig/Content/Controls/ControlRig_Sphere_1mm.ubulk" 854
"../../../Engine/Plugins/Animation/ControlRig/Content/Controls/ControlRig_Sphere_1mm.uasset" 855
"../../../Engine/Plugins/Animation/ControlRig/Content/Controls/ControlRig_Sphere_1mm.uexp" 856
"../../../Engine/Plugins/Animation/ControlRig/Content/Controls/ControlRig_Sphere_3mm.ubulk" 857
"../../../Engine/Plugins/Animation/ControlRig/Content/Controls/ControlRig_Sphere_3mm.uasset" 858
"../../../Engine/Plugins/Animation/ControlRig/Content/Controls/ControlRig_Sphere_3mm.uexp" 859
"../../../Engine/Plugins/Animation/ControlRig/Content/Controls/ControlRig_Sphere_solid.ubulk" 860
"../../../Engine/Plugins/Animation/ControlRig/Content/Controls/ControlRig_Sphere_solid.uasset" 861
"../../../Engine/Plugins/Animation/ControlRig/Content/Controls/ControlRig_Sphere_solid.uexp" 862
"../../../Engine/Plugins/Animation/ControlRig/Content/Controls/ControlRig_Square_1mm.ubulk" 863
"../../../Engine/Plugins/Animation/ControlRig/Content/Controls/ControlRig_Square_1mm.uasset" 864
"../../../Engine/Plugins/Animation/ControlRig/Content/Controls/ControlRig_Square_1mm.uexp" 865
"../../../Engine/Plugins/Animation/ControlRig/Content/Controls/ControlRig_Square_3mm.ubulk" 866
"../../../Engine/Plugins/Animation/ControlRig/Content/Controls/ControlRig_Square_3mm.uasset" 867
"../../../Engine/Plugins/Animation/ControlRig/Content/Controls/ControlRig_Square_3mm.uexp" 868
"../../../Engine/Plugins/Animation/ControlRig/Content/Controls/ControlRig_Square_solid.ubulk" 869
"../../../Engine/Plugins/Animation/ControlRig/Content/Controls/ControlRig_Square_solid.uasset" 870
"../../../Engine/Plugins/Animation/ControlRig/Content/Controls/ControlRig_Square_solid.uexp" 871
"../../../Engine/Plugins/Animation/ControlRig/Content/Controls/ControlRig_Star4_1mm.ubulk" 872
"../../../Engine/Plugins/Animation/ControlRig/Content/Controls/ControlRig_Star4_1mm.uasset" 873
"../../../Engine/Plugins/Animation/ControlRig/Content/Controls/ControlRig_Star4_1mm.uexp" 874
"../../../Engine/Plugins/Animation/ControlRig/Content/Controls/ControlRig_Star4_3mm.ubulk" 875
"../../../Engine/Plugins/Animation/ControlRig/Content/Controls/ControlRig_Star4_3mm.uasset" 876
"../../../Engine/Plugins/Animation/ControlRig/Content/Controls/ControlRig_Star4_3mm.uexp" 877
"../../../Engine/Plugins/Animation/ControlRig/Content/Controls/ControlRig_Star4_solid.ubulk" 878
"../../../Engine/Plugins/Animation/ControlRig/Content/Controls/ControlRig_Star4_solid.uasset" 879
"../../../Engine/Plugins/Animation/ControlRig/Content/Controls/ControlRig_Star4_solid.uexp" 880
"../../../Engine/Plugins/Animation/ControlRig/Content/Controls/ControlRig_Triangle_1mm.ubulk" 881
"../../../Engine/Plugins/Animation/ControlRig/Content/Controls/ControlRig_Triangle_1mm.uasset" 882
"../../../Engine/Plugins/Animation/ControlRig/Content/Controls/ControlRig_Triangle_1mm.uexp" 883
"../../../Engine/Plugins/Animation/ControlRig/Content/Controls/ControlRig_Triangle_3mm.ubulk" 884
"../../../Engine/Plugins/Animation/ControlRig/Content/Controls/ControlRig_Triangle_3mm.uasset" 885
"../../../Engine/Plugins/Animation/ControlRig/Content/Controls/ControlRig_Triangle_3mm.uexp" 886
"../../../Engine/Plugins/Animation/ControlRig/Content/Controls/ControlRig_Triangle_solid.ubulk" 887
"../../../Engine/Plugins/Animation/ControlRig/Content/Controls/ControlRig_Triangle_solid.uasset" 888
"../../../Engine/Plugins/Animation/ControlRig/Content/Controls/ControlRig_Triangle_solid.uexp" 889
"../../../Engine/Plugins/Animation/ControlRig/Content/Controls/ControlRig_Wedge_1mm.ubulk" 890
"../../../Engine/Plugins/Animation/ControlRig/Content/Controls/ControlRig_Wedge_1mm.uasset" 891
"../../../Engine/Plugins/Animation/ControlRig/Content/Controls/ControlRig_Wedge_1mm.uexp" 892
"../../../Engine/Plugins/Animation/ControlRig/Content/Controls/ControlRig_Wedge_3mm.ubulk" 893
"../../../Engine/Plugins/Animation/ControlRig/Content/Controls/ControlRig_Wedge_3mm.uasset" 894
"../../../Engine/Plugins/Animation/ControlRig/Content/Controls/ControlRig_Wedge_3mm.uexp" 895
"../../../Engine/Plugins/Animation/ControlRig/Content/Controls/ControlRig_Wedge_solid.ubulk" 896
"../../../Engine/Plugins/Animation/ControlRig/Content/Controls/ControlRig_Wedge_solid.uasset" 897
"../../../Engine/Plugins/Animation/ControlRig/Content/Controls/ControlRig_Wedge_solid.uexp" 898
"../../../Engine/Plugins/Marketplace/Content/Textures/T_BlobShadow.ubulk" 899
"../../../Engine/Plugins/Marketplace/Content/Textures/T_BlobShadow.uasset" 900
"../../../Engine/Plugins/Marketplace/Content/Textures/T_BlobShadow.uexp" 901
"../../../Engine/Content/Functions/Engine_MaterialFunctions02/WorldPositionOffset/V2/ObjectScale.uasset" 902
"../../../Engine/Content/Functions/Engine_MaterialFunctions02/WorldPositionOffset/V2/ObjectScale.uexp" 903
"../../../Engine/Plugins/Marketplace/Content/Materials/M_BlobShadow.uasset" 904
"../../../Engine/Plugins/Marketplace/Content/Materials/M_BlobShadow.uexp" 905
"../../../Engine/Plugins/Marketplace/Content/Materials/MI_BlobShadow.uasset" 906
"../../../Engine/Plugins/Marketplace/Content/Materials/MI_BlobShadow.uexp" 907
"../../../Engine/Plugins/Marketplace/Content/Textures/LeftMetaQuestTouchPlus_Color.ubulk" 908
"../../../Engine/Plugins/Marketplace/Content/Textures/LeftMetaQuestTouchPlus_Color.uasset" 909
"../../../Engine/Plugins/Marketplace/Content/Textures/LeftMetaQuestTouchPlus_Color.uexp" 910
"../../../Engine/Plugins/Marketplace/Content/Materials/LeftMetaQuestTouchPlusMaterial.uasset" 911
"../../../Engine/Plugins/Marketplace/Content/Materials/LeftMetaQuestTouchPlusMaterial.uexp" 912
"../../../Engine/Plugins/Marketplace/Content/Meshes/LeftMetaQuestTouchPlus.ubulk" 913
"../../../Engine/Plugins/Marketplace/Content/Meshes/LeftMetaQuestTouchPlus.uasset" 914
"../../../Engine/Plugins/Marketplace/Content/Meshes/LeftMetaQuestTouchPlus.uexp" 915
"../../../Engine/Plugins/Marketplace/Content/Textures/LeftMetaQuestTouchPro_Normal.ubulk" 916
"../../../Engine/Plugins/Marketplace/Content/Textures/LeftMetaQuestTouchPro_Normal.uasset" 917
"../../../Engine/Plugins/Marketplace/Content/Textures/LeftMetaQuestTouchPro_Normal.uexp" 918
"../../../Engine/Plugins/Marketplace/Content/Textures/LeftMetaQuestTouchPro_Color.ubulk" 919
"../../../Engine/Plugins/Marketplace/Content/Textures/LeftMetaQuestTouchPro_Color.uasset" 920
"../../../Engine/Plugins/Marketplace/Content/Textures/LeftMetaQuestTouchPro_Color.uexp" 921
"../../../Engine/Plugins/Marketplace/Content/Materials/LeftMetaQuestTouchProMaterial.uasset" 922
"../../../Engine/Plugins/Marketplace/Content/Materials/LeftMetaQuestTouchProMaterial.uexp" 923
"../../../Engine/Plugins/Marketplace/Content/Meshes/LeftMetaQuestTouchPro.ubulk" 924
"../../../Engine/Plugins/Marketplace/Content/Meshes/LeftMetaQuestTouchPro.uasset" 925
"../../../Engine/Plugins/Marketplace/Content/Meshes/LeftMetaQuestTouchPro.uexp" 926
"../../../Engine/Plugins/Marketplace/Content/Textures/TouchForQuest2_Color.ubulk" 927
"../../../Engine/Plugins/Marketplace/Content/Textures/TouchForQuest2_Color.uasset" 928
"../../../Engine/Plugins/Marketplace/Content/Textures/TouchForQuest2_Color.uexp" 929
"../../../Engine/Plugins/Marketplace/Content/Textures/TouchForQuest2Material_Roughness.ubulk" 930
"../../../Engine/Plugins/Marketplace/Content/Textures/TouchForQuest2Material_Roughness.uasset" 931
"../../../Engine/Plugins/Marketplace/Content/Textures/TouchForQuest2Material_Roughness.uexp" 932
"../../../Engine/Plugins/Marketplace/Content/Materials/TouchForQuest2Material.uasset" 933
"../../../Engine/Plugins/Marketplace/Content/Materials/TouchForQuest2Material.uexp" 934
"../../../Engine/Plugins/Marketplace/Content/Meshes/LeftTouchForQuest2.ubulk" 935
"../../../Engine/Plugins/Marketplace/Content/Meshes/LeftTouchForQuest2.uasset" 936
"../../../Engine/Plugins/Marketplace/Content/Meshes/LeftTouchForQuest2.uexp" 937
"../../../Engine/Plugins/Marketplace/Content/Textures/TouchForQuestRiftSController_albedo.ubulk" 938
"../../../Engine/Plugins/Marketplace/Content/Textures/TouchForQuestRiftSController_albedo.uasset" 939
"../../../Engine/Plugins/Marketplace/Content/Textures/TouchForQuestRiftSController_albedo.uexp" 940
"../../../Engine/Plugins/Marketplace/Content/Materials/TouchForQuestRiftSControllerMaterial.uasset" 941
"../../../Engine/Plugins/Marketplace/Content/Materials/TouchForQuestRiftSControllerMaterial.uexp" 942
"../../../Engine/Plugins/Marketplace/Content/Meshes/LeftTouchForQuestRiftSController.ubulk" 943
"../../../Engine/Plugins/Marketplace/Content/Meshes/LeftTouchForQuestRiftSController.uasset" 944
"../../../Engine/Plugins/Marketplace/Content/Meshes/LeftTouchForQuestRiftSController.uexp" 945
"../../../Engine/Plugins/Marketplace/Content/Textures/RightMetaQuestTouchPlus_Color.ubulk" 946
"../../../Engine/Plugins/Marketplace/Content/Textures/RightMetaQuestTouchPlus_Color.uasset" 947
"../../../Engine/Plugins/Marketplace/Content/Textures/RightMetaQuestTouchPlus_Color.uexp" 948
"../../../Engine/Plugins/Marketplace/Content/Materials/RightMetaQuestTouchPlusMaterial.uasset" 949
"../../../Engine/Plugins/Marketplace/Content/Materials/RightMetaQuestTouchPlusMaterial.uexp" 950
"../../../Engine/Plugins/Marketplace/Content/Meshes/RightMetaQuestTouchPlus.ubulk" 951
"../../../Engine/Plugins/Marketplace/Content/Meshes/RightMetaQuestTouchPlus.uasset" 952
"../../../Engine/Plugins/Marketplace/Content/Meshes/RightMetaQuestTouchPlus.uexp" 953
"../../../Engine/Plugins/Marketplace/Content/Textures/RightMetaQuestTouchPro_Normal.ubulk" 954
"../../../Engine/Plugins/Marketplace/Content/Textures/RightMetaQuestTouchPro_Normal.uasset" 955
"../../../Engine/Plugins/Marketplace/Content/Textures/RightMetaQuestTouchPro_Normal.uexp" 956
"../../../Engine/Plugins/Marketplace/Content/Textures/RightMetaQuestTouchPro_Color.ubulk" 957
"../../../Engine/Plugins/Marketplace/Content/Textures/RightMetaQuestTouchPro_Color.uasset" 958
"../../../Engine/Plugins/Marketplace/Content/Textures/RightMetaQuestTouchPro_Color.uexp" 959
"../../../Engine/Plugins/Marketplace/Content/Materials/RightMetaQuestTouchProMaterial.uasset" 960
"../../../Engine/Plugins/Marketplace/Content/Materials/RightMetaQuestTouchProMaterial.uexp" 961
"../../../Engine/Plugins/Marketplace/Content/Meshes/RightMetaQuestTouchPro.ubulk" 962
"../../../Engine/Plugins/Marketplace/Content/Meshes/RightMetaQuestTouchPro.uasset" 963
"../../../Engine/Plugins/Marketplace/Content/Meshes/RightMetaQuestTouchPro.uexp" 964
"../../../Engine/Plugins/Marketplace/Content/Meshes/RightTouchForQuest2.ubulk" 965
"../../../Engine/Plugins/Marketplace/Content/Meshes/RightTouchForQuest2.uasset" 966
"../../../Engine/Plugins/Marketplace/Content/Meshes/RightTouchForQuest2.uexp" 967
"../../../Engine/Plugins/Marketplace/Content/Meshes/RightTouchForQuestRiftSController.ubulk" 968
"../../../Engine/Plugins/Marketplace/Content/Meshes/RightTouchForQuestRiftSController.uasset" 969
"../../../Engine/Plugins/Marketplace/Content/Meshes/RightTouchForQuestRiftSController.uexp" 970
"../../../Engine/Plugins/Marketplace/Content/Meshes/SM_Bevelcube.ubulk" 971
"../../../Engine/Plugins/Marketplace/Content/Meshes/SM_Bevelcube.uasset" 972
"../../../Engine/Plugins/Marketplace/Content/Meshes/SM_Bevelcube.uexp" 973
"../../../Engine/Content/Functions/Engine_MaterialFunctions02/Texturing/CustomRotator.uasset" 974
"../../../Engine/Content/Functions/Engine_MaterialFunctions02/Texturing/CustomRotator.uexp" 975
"../../../Engine/Content/Functions/Engine_MaterialFunctions01/Texturing/ScaleUVsByCenter.uasset" 976
"../../../Engine/Content/Functions/Engine_MaterialFunctions01/Texturing/ScaleUVsByCenter.uexp" 977
"../../../Engine/Content/Functions/Engine_MaterialFunctions01/Gradient/GeneratedRoundRect.uasset" 978
"../../../Engine/Content/Functions/Engine_MaterialFunctions01/Gradient/GeneratedRoundRect.uexp" 979
"../../../Engine/Content/Functions/Engine_MaterialFunctions01/Gradient/SphereGradient-2D.uasset" 980
"../../../Engine/Content/Functions/Engine_MaterialFunctions01/Gradient/SphereGradient-2D.uexp" 981
"../../../Engine/Plugins/Runtime/AudioWidgets/Content/AudioMaterialSlate/Functions/MF_DotOutlined.uasset" 982
"../../../Engine/Plugins/Runtime/AudioWidgets/Content/AudioMaterialSlate/Functions/MF_DotOutlined.uexp" 983
"../../../Engine/Plugins/Runtime/AudioWidgets/Content/AudioMaterialSlate/M_AudioMaterialEnvelope_ADSR.uasset" 984
"../../../Engine/Plugins/Runtime/AudioWidgets/Content/AudioMaterialSlate/M_AudioMaterialEnvelope_ADSR.uexp" 985
"../../../Engine/Plugins/Runtime/AudioWidgets/Content/AudioMaterialSlate/MI_AudioMaterialEnvelope_ADSR.uasset" 986
"../../../Engine/Plugins/Runtime/AudioWidgets/Content/AudioMaterialSlate/MI_AudioMaterialEnvelope_ADSR.uexp" 987
"../../../Engine/Plugins/Runtime/AudioWidgets/Content/AudioMaterialSlate/Functions/MF_SingleLine_Smooth.uasset" 988
"../../../Engine/Plugins/Runtime/AudioWidgets/Content/AudioMaterialSlate/Functions/MF_SingleLine_Smooth.uexp" 989
"../../../Engine/Plugins/Runtime/AudioWidgets/Content/AudioMaterialSlate/Functions/MF_AngleGradient.uasset" 990
"../../../Engine/Plugins/Runtime/AudioWidgets/Content/AudioMaterialSlate/Functions/MF_AngleGradient.uexp" 991
"../../../Engine/Content/Functions/Engine_MaterialFunctions02/Lerp_3Color.uasset" 992
"../../../Engine/Content/Functions/Engine_MaterialFunctions02/Lerp_3Color.uexp" 993
"../../../Engine/Plugins/Runtime/AudioWidgets/Content/AudioMaterialSlate/M_AudioMaterialKnob.uasset" 994
"../../../Engine/Plugins/Runtime/AudioWidgets/Content/AudioMaterialSlate/M_AudioMaterialKnob.uexp" 995
"../../../Engine/Plugins/Runtime/AudioWidgets/Content/AudioMaterialSlate/MI_AudioMaterialKnob.uasset" 996
"../../../Engine/Plugins/Runtime/AudioWidgets/Content/AudioMaterialSlate/MI_AudioMaterialKnob.uexp" 997
"../../../Engine/Plugins/Runtime/AudioWidgets/Content/AudioMaterialSlate/Functions/MF_Lines.uasset" 998
"../../../Engine/Plugins/Runtime/AudioWidgets/Content/AudioMaterialSlate/Functions/MF_Lines.uexp" 999
"../../../Engine/Plugins/Runtime/AudioWidgets/Content/AudioMaterialSlate/M_AudioMaterialMeter.uasset" 1000
"../../../Engine/Plugins/Runtime/AudioWidgets/Content/AudioMaterialSlate/M_AudioMaterialMeter.uexp" 1001
"../../../Engine/Plugins/Runtime/AudioWidgets/Content/AudioMaterialSlate/MI_AudioMaterialMeter.uasset" 1002
"../../../Engine/Plugins/Runtime/AudioWidgets/Content/AudioMaterialSlate/MI_AudioMaterialMeter.uexp" 1003
"../../../Engine/Plugins/Runtime/AudioWidgets/Content/AudioMaterialSlate/M_AudioMaterialRoundedSlider.uasset" 1004
"../../../Engine/Plugins/Runtime/AudioWidgets/Content/AudioMaterialSlate/M_AudioMaterialRoundedSlider.uexp" 1005
"../../../Engine/Plugins/Runtime/AudioWidgets/Content/AudioMaterialSlate/MI_AudioMaterialRoundedSlider.uasset" 1006
"../../../Engine/Plugins/Runtime/AudioWidgets/Content/AudioMaterialSlate/MI_AudioMaterialRoundedSlider.uexp" 1007
"../../../Engine/Plugins/Runtime/AudioWidgets/Content/AudioMaterialSlate/Functions/MF_SingleLine.uasset" 1008
"../../../Engine/Plugins/Runtime/AudioWidgets/Content/AudioMaterialSlate/Functions/MF_SingleLine.uexp" 1009
"../../../Engine/Plugins/Runtime/AudioWidgets/Content/AudioMaterialSlate/M_AudioMaterialToggleButton.uasset" 1010
"../../../Engine/Plugins/Runtime/AudioWidgets/Content/AudioMaterialSlate/M_AudioMaterialToggleButton.uexp" 1011
"../../../Engine/Plugins/Runtime/AudioWidgets/Content/AudioMaterialSlate/MI_AudioMaterialToggleButton.uasset" 1012
"../../../Engine/Plugins/Runtime/AudioWidgets/Content/AudioMaterialSlate/MI_AudioMaterialToggleButton.uexp" 1013
"../../../Engine/Plugins/2D/Paper2D/Content/DefaultSpriteMaterial.uasset" 1014
"../../../Engine/Plugins/2D/Paper2D/Content/DefaultSpriteMaterial.uexp" 1015
"../../../Engine/Plugins/2D/Paper2D/Content/MaskedUnlitSpriteMaterial.uasset" 1016
"../../../Engine/Plugins/2D/Paper2D/Content/MaskedUnlitSpriteMaterial.uexp" 1017
"../../../Engine/Plugins/2D/Paper2D/Content/OpaqueUnlitSpriteMaterial.uasset" 1018
"../../../Engine/Plugins/2D/Paper2D/Content/OpaqueUnlitSpriteMaterial.uexp" 1019
"../../../Engine/Plugins/Media/MediaPlate/Content/SM_MediaPlateScreen.ubulk" 1020
"../../../Engine/Plugins/Media/MediaPlate/Content/SM_MediaPlateScreen.uasset" 1021
"../../../Engine/Plugins/Media/MediaPlate/Content/SM_MediaPlateScreen.uexp" 1022
"../../../Engine/Plugins/Animation/DeformerGraph/Content/Deformers/DG_LinearBlendSkin_Morph_Cloth_RecomputeNormals.uasset" 1023
"../../../Engine/Plugins/Animation/DeformerGraph/Content/Deformers/DG_LinearBlendSkin_Morph_Cloth_RecomputeNormals.uexp" 1024
"../../../Engine/Plugins/Animation/DeformerGraph/Content/Deformers/DG_LinearBlendSkin_Morph_Cloth.uasset" 1025
"../../../Engine/Plugins/Animation/DeformerGraph/Content/Deformers/DG_LinearBlendSkin_Morph_Cloth.uexp" 1026
"../../../Engine/Plugins/Animation/DeformerGraph/Content/DeformerFunctions/DG_Function_LinearBlendSkin_Morph_Cloth_PositionOnly.uasset" 1027
"../../../Engine/Plugins/Animation/DeformerGraph/Content/DeformerFunctions/DG_Function_LinearBlendSkin_Morph_Cloth_PositionOnly.uexp" 1028
"../../../Engine/Plugins/Animation/DeformerGraph/Content/DeformerFunctions/DG_Function_LinearBlendSkin_Morph_Cloth.uasset" 1029
"../../../Engine/Plugins/Animation/DeformerGraph/Content/DeformerFunctions/DG_Function_LinearBlendSkin_Morph_Cloth.uexp" 1030
"../../../Engine/Plugins/Animation/DeformerGraph/Content/DeformerFunctions/DG_Function_ComputeNormalsTangents.uasset" 1031
"../../../Engine/Plugins/Animation/DeformerGraph/Content/DeformerFunctions/DG_Function_ComputeNormalsTangents.uexp" 1032
"../../../Engine/Content/VREditor/TransformGizmo/StartRotationHandleIndicator.ubulk" 1033
"../../../Engine/Content/VREditor/TransformGizmo/StartRotationHandleIndicator.uasset" 1034
"../../../Engine/Content/VREditor/TransformGizmo/StartRotationHandleIndicator.uexp" 1035
"../../../Engine/Content/VREditor/Sounds/UI/Drop_Item_From_ContentBrowser.ubulk" 1036
"../../../Engine/Content/VREditor/Sounds/UI/Drop_Item_From_ContentBrowser.uasset" 1037
"../../../Engine/Content/VREditor/Sounds/UI/Drop_Item_From_ContentBrowser.uexp" 1038
"../../../Engine/Content/VREditor/TransformGizmo/PlaneTranslationHandle.ubulk" 1039
"../../../Engine/Content/VREditor/TransformGizmo/PlaneTranslationHandle.uasset" 1040
"../../../Engine/Content/VREditor/TransformGizmo/PlaneTranslationHandle.uexp" 1041
"../../../Engine/Content/VREditor/Sounds/UI/Object_Snaps_To_Grid.ubulk" 1042
"../../../Engine/Content/VREditor/Sounds/UI/Object_Snaps_To_Grid.uasset" 1043
"../../../Engine/Content/VREditor/Sounds/UI/Object_Snaps_To_Grid.uexp" 1044
"../../../Engine/Content/VREditor/Sounds/UI/Selection_Changes.ubulk" 1045
"../../../Engine/Content/VREditor/Sounds/UI/Selection_Changes.uasset" 1046
"../../../Engine/Content/VREditor/Sounds/UI/Selection_Changes.uexp" 1047
"../../../Engine/Content/VREditor/Sounds/UI/Object_Snaps_To_Another_Actor.ubulk" 1048
"../../../Engine/Content/VREditor/Sounds/UI/Object_Snaps_To_Another_Actor.uasset" 1049
"../../../Engine/Content/VREditor/Sounds/UI/Object_Snaps_To_Another_Actor.uexp" 1050
"../../../Engine/Content/VREditor/TransformGizmo/TranslucentTransformGizmoMaterial_Inst.uasset" 1051
"../../../Engine/Content/VREditor/TransformGizmo/TranslucentTransformGizmoMaterial_Inst.uexp" 1052
"../../../Engine/Content/VREditor/TransformGizmo/TransformGizmoFreeRotation.ubulk" 1053
"../../../Engine/Content/VREditor/TransformGizmo/TransformGizmoFreeRotation.uasset" 1054
"../../../Engine/Content/VREditor/TransformGizmo/TransformGizmoFreeRotation.uexp" 1055
"../../../Engine/Content/VREditor/Sounds/UI/Scaling_Down.ubulk" 1056
"../../../Engine/Content/VREditor/Sounds/UI/Scaling_Down.uasset" 1057
"../../../Engine/Content/VREditor/Sounds/UI/Scaling_Down.uexp" 1058
"../../../Engine/Content/Functions/Engine_MaterialFunctions02/SplitComponents.uasset" 1059
"../../../Engine/Content/Functions/Engine_MaterialFunctions02/SplitComponents.uexp" 1060
"../../../Engine/Content/VREditor/SnapGrid/SnapGridMaterial.uasset" 1061
"../../../Engine/Content/VREditor/SnapGrid/SnapGridMaterial.uexp" 1062
"../../../Engine/Content/VREditor/SnapGrid/SnapGridPlaneMesh.ubulk" 1063
"../../../Engine/Content/VREditor/SnapGrid/SnapGridPlaneMesh.uasset" 1064
"../../../Engine/Content/VREditor/SnapGrid/SnapGridPlaneMesh.uexp" 1065
"../../../Engine/Content/VREditor/Sounds/UI/Scaling_Up.ubulk" 1066
"../../../Engine/Content/VREditor/Sounds/UI/Scaling_Up.uasset" 1067
"../../../Engine/Content/VREditor/Sounds/UI/Scaling_Up.uexp" 1068
"../../../Engine/Content/VREditor/TransformGizmo/TransformGizmoMaterial_Inst.uasset" 1069
"../../../Engine/Content/VREditor/TransformGizmo/TransformGizmoMaterial_Inst.uexp" 1070
"../../../Engine/Content/VREditor/Sounds/UI/Gizmo_Handle_Clicked.ubulk" 1071
"../../../Engine/Content/VREditor/Sounds/UI/Gizmo_Handle_Clicked.uasset" 1072
"../../../Engine/Content/VREditor/Sounds/UI/Gizmo_Handle_Clicked.uexp" 1073
"../../../Engine/Content/VREditor/TransformGizmo/RotationHandleQuarter.ubulk" 1074
"../../../Engine/Content/VREditor/TransformGizmo/RotationHandleQuarter.uasset" 1075
"../../../Engine/Content/VREditor/TransformGizmo/RotationHandleQuarter.uexp" 1076
"../../../Engine/Content/VREditor/TransformGizmo/TranslateArrowHandle.ubulk" 1077
"../../../Engine/Content/VREditor/TransformGizmo/TranslateArrowHandle.uasset" 1078
"../../../Engine/Content/VREditor/TransformGizmo/TranslateArrowHandle.uexp" 1079
"../../../Engine/Content/VREditor/TransformGizmo/RotationHandleIndicator.ubulk" 1080
"../../../Engine/Content/VREditor/TransformGizmo/RotationHandleIndicator.uasset" 1081
"../../../Engine/Content/VREditor/TransformGizmo/RotationHandleIndicator.uexp" 1082
"../../../Engine/Content/VREditor/TransformGizmo/UniformScaleHandle.ubulk" 1083
"../../../Engine/Content/VREditor/TransformGizmo/UniformScaleHandle.uasset" 1084
"../../../Engine/Content/VREditor/TransformGizmo/UniformScaleHandle.uexp" 1085
"../../../Engine/Content/VREditor/TransformGizmo/RotationHandleFull.ubulk" 1086
"../../../Engine/Content/VREditor/TransformGizmo/RotationHandleFull.uasset" 1087
"../../../Engine/Content/VREditor/TransformGizmo/RotationHandleFull.uexp" 1088
"../../../Engine/Content/VREditor/Sounds/UI/Object_PickUp.ubulk" 1089
"../../../Engine/Content/VREditor/Sounds/UI/Object_PickUp.uasset" 1090
"../../../Engine/Content/VREditor/Sounds/UI/Object_PickUp.uexp" 1091
"../../../Engine/Content/EngineResources/LandscapeVisibilityLayerInfo.uasset" 1092
"../../../Engine/Content/EngineResources/LandscapeVisibilityLayerInfo.uexp" 1093
"../../../Engine/Content/Maps/Entry_BuiltData.uasset" 1094
"../../../Engine/Content/Maps/Entry_BuiltData.uexp" 1095
"../../../Engine/Content/Maps/Entry.uexp" 1096
"../../../Engine/Content/Maps/Entry.umap" 1097
"../../../Engine/Content/BasicShapes/Cube.ubulk" 1098
"../../../Engine/Content/BasicShapes/Cube.uasset" 1099
"../../../Engine/Content/BasicShapes/Cube.uexp" 1100
"D:/Projects/Git/Unreal/JumpyUnreal/JumpyCPP/Content/StackOBot/Environment/Materials/Textures/T_ConcreteTileable_N.ubulk" 1101
"D:/Projects/Git/Unreal/JumpyUnreal/JumpyCPP/Content/StackOBot/Environment/Materials/Textures/T_ConcreteTileable_N.uasset" 1102
"D:/Projects/Git/Unreal/JumpyUnreal/JumpyCPP/Content/StackOBot/Environment/Materials/Textures/T_ConcreteTileable_N.uexp" 1103
"../../../Engine/Content/ArtTools/RenderToTexture/Textures/127grey.uasset" 1104
"../../../Engine/Content/ArtTools/RenderToTexture/Textures/127grey.uexp" 1105
"D:/Projects/Git/Unreal/JumpyUnreal/JumpyCPP/Content/StackOBot/Environment/Materials/Textures/T_ConcreteTileable_M.ubulk" 1106
"D:/Projects/Git/Unreal/JumpyUnreal/JumpyCPP/Content/StackOBot/Environment/Materials/Textures/T_ConcreteTileable_M.uasset" 1107
"D:/Projects/Git/Unreal/JumpyUnreal/JumpyCPP/Content/StackOBot/Environment/Materials/Textures/T_ConcreteTileable_M.uexp" 1108
"../../../Engine/Content/EngineMaterials/BlendFunc_DefBlend.uasset" 1109
"../../../Engine/Content/EngineMaterials/BlendFunc_DefBlend.uexp" 1110
"../../../Engine/Content/Functions/Engine_MaterialFunctions02/Utility/BlendAngleCorrectedNormals.uasset" 1111
"../../../Engine/Content/Functions/Engine_MaterialFunctions02/Utility/BlendAngleCorrectedNormals.uexp" 1112
"../../../Engine/Content/EngineMaterials/BlendFunc_DefBase.uasset" 1113
"../../../Engine/Content/EngineMaterials/BlendFunc_DefBase.uexp" 1114
"../../../Engine/Content/Functions/Engine_MaterialFunctions03/Blends/Blend_Overlay.uasset" 1115
"../../../Engine/Content/Functions/Engine_MaterialFunctions03/Blends/Blend_Overlay.uexp" 1116
"D:/Projects/Git/Unreal/JumpyUnreal/JumpyCPP/Content/StackOBot/Environment/Materials/Textures/T_SandTileabe_BC.ubulk" 1117
"D:/Projects/Git/Unreal/JumpyUnreal/JumpyCPP/Content/StackOBot/Environment/Materials/Textures/T_SandTileabe_BC.uasset" 1118
"D:/Projects/Git/Unreal/JumpyUnreal/JumpyCPP/Content/StackOBot/Environment/Materials/Textures/T_SandTileabe_BC.uexp" 1119
"../../../Engine/Content/Functions/Engine_MaterialFunctions01/Gradient/LinearGradient.uasset" 1120
"../../../Engine/Content/Functions/Engine_MaterialFunctions01/Gradient/LinearGradient.uexp" 1121
"D:/Projects/Git/Unreal/JumpyUnreal/JumpyCPP/Content/StackOBot/Environment/Materials/MF_WorldSpaceUV.uasset" 1122
"D:/Projects/Git/Unreal/JumpyUnreal/JumpyCPP/Content/StackOBot/Environment/Materials/MF_WorldSpaceUV.uexp" 1123
"../../../Engine/Content/Functions/Engine_MaterialFunctions01/ImageAdjustment/CheapContrast.uasset" 1124
"../../../Engine/Content/Functions/Engine_MaterialFunctions01/ImageAdjustment/CheapContrast.uexp" 1125
"D:/Projects/Git/Unreal/JumpyUnreal/JumpyCPP/Content/StackOBot/Environment/Materials/MPC_DataSet.uasset" 1126
"D:/Projects/Git/Unreal/JumpyUnreal/JumpyCPP/Content/StackOBot/Environment/Materials/MPC_DataSet.uexp" 1127
"../../../Engine/Content/Functions/Engine_MaterialFunctions01/Texturing/WorldAlignedTexture.uasset" 1128
"../../../Engine/Content/Functions/Engine_MaterialFunctions01/Texturing/WorldAlignedTexture.uexp" 1129
"D:/Projects/Git/Unreal/JumpyUnreal/JumpyCPP/Content/StackOBot/Environment/Materials/ML_Base.uasset" 1130
"D:/Projects/Git/Unreal/JumpyUnreal/JumpyCPP/Content/StackOBot/Environment/Materials/ML_Base.uexp" 1131
"D:/Projects/Git/Unreal/JumpyUnreal/JumpyCPP/Content/StackOBot/Environment/Materials/M_TileMaster.uasset" 1132
"D:/Projects/Git/Unreal/JumpyUnreal/JumpyCPP/Content/StackOBot/Environment/Materials/M_TileMaster.uexp" 1133
"D:/Projects/Git/Unreal/JumpyUnreal/JumpyCPP/Content/StackOBot/Environment/Materials/MI_Metal.uasset" 1134
"D:/Projects/Git/Unreal/JumpyUnreal/JumpyCPP/Content/StackOBot/Environment/Materials/MI_Metal.uexp" 1135
"D:/Projects/Git/Unreal/JumpyUnreal/JumpyCPP/Content/StackOBot/Environment/Materials/Textures/T_Metal_Painted_N.ubulk" 1136
"D:/Projects/Git/Unreal/JumpyUnreal/JumpyCPP/Content/StackOBot/Environment/Materials/Textures/T_Metal_Painted_N.uasset" 1137
"D:/Projects/Git/Unreal/JumpyUnreal/JumpyCPP/Content/StackOBot/Environment/Materials/Textures/T_Metal_Painted_N.uexp" 1138
"D:/Projects/Git/Unreal/JumpyUnreal/JumpyCPP/Content/StackOBot/Environment/Materials/Textures/T_Grunge_A.ubulk" 1139
"D:/Projects/Git/Unreal/JumpyUnreal/JumpyCPP/Content/StackOBot/Environment/Materials/Textures/T_Grunge_A.uasset" 1140
"D:/Projects/Git/Unreal/JumpyUnreal/JumpyCPP/Content/StackOBot/Environment/Materials/Textures/T_Grunge_A.uexp" 1141
"D:/Projects/Git/Unreal/JumpyUnreal/JumpyCPP/Content/StackOBot/Environment/Materials/MI_Plastic.uasset" 1142
"D:/Projects/Git/Unreal/JumpyUnreal/JumpyCPP/Content/StackOBot/Environment/Materials/MI_Plastic.uexp" 1143
"D:/Projects/Git/Unreal/JumpyUnreal/JumpyCPP/Content/StackOBot/Environment/Materials/MI_Glow.uasset" 1144
"D:/Projects/Git/Unreal/JumpyUnreal/JumpyCPP/Content/StackOBot/Environment/Materials/MI_Glow.uexp" 1145
"D:/Projects/Git/Unreal/JumpyUnreal/JumpyCPP/Content/StackOBot/Environment/Materials/Textures/T_Ribbing_N.uasset" 1146
"D:/Projects/Git/Unreal/JumpyUnreal/JumpyCPP/Content/StackOBot/Environment/Materials/Textures/T_Ribbing_N.uexp" 1147
"D:/Projects/Git/Unreal/JumpyUnreal/JumpyCPP/Content/StackOBot/Environment/Materials/Textures/T_Ribbing_A.uasset" 1148
"D:/Projects/Git/Unreal/JumpyUnreal/JumpyCPP/Content/StackOBot/Environment/Materials/Textures/T_Ribbing_A.uexp" 1149
"D:/Projects/Git/Unreal/JumpyUnreal/JumpyCPP/Content/StackOBot/Environment/Materials/MI_Carbon.uasset" 1150
"D:/Projects/Git/Unreal/JumpyUnreal/JumpyCPP/Content/StackOBot/Environment/Materials/MI_Carbon.uexp" 1151
"D:/Projects/Git/Unreal/JumpyUnreal/JumpyCPP/Content/StackOBot/Environment/Modular/SM_Modules_Platform.ubulk" 1152
"D:/Projects/Git/Unreal/JumpyUnreal/JumpyCPP/Content/StackOBot/Environment/Modular/SM_Modules_Platform.uasset" 1153
"D:/Projects/Git/Unreal/JumpyUnreal/JumpyCPP/Content/StackOBot/Environment/Modular/SM_Modules_Platform.uexp" 1154
"D:/Projects/Git/Unreal/JumpyUnreal/JumpyCPP/Content/Blueprints/Actor/BP_MovingPlatform.uasset" 1155
"D:/Projects/Git/Unreal/JumpyUnreal/JumpyCPP/Content/Blueprints/Actor/BP_MovingPlatform.uexp" 1156
"D:/Projects/Git/Unreal/JumpyUnreal/JumpyCPP/Content/StackOBot/Environment/Props/SM_Elevator.ubulk" 1157
"D:/Projects/Git/Unreal/JumpyUnreal/JumpyCPP/Content/StackOBot/Environment/Props/SM_Elevator.uasset" 1158
"D:/Projects/Git/Unreal/JumpyUnreal/JumpyCPP/Content/StackOBot/Environment/Props/SM_Elevator.uexp" 1159
"D:/Projects/Git/Unreal/JumpyUnreal/JumpyCPP/Content/Blueprints/Actor/BP_Elevator.uasset" 1160
"D:/Projects/Git/Unreal/JumpyUnreal/JumpyCPP/Content/Blueprints/Actor/BP_Elevator.uexp" 1161
"D:/Projects/Git/Unreal/JumpyUnreal/JumpyCPP/Content/VRTemplate/Haptics/GrabHapticEffect.uasset" 1162
"D:/Projects/Git/Unreal/JumpyUnreal/JumpyCPP/Content/VRTemplate/Haptics/GrabHapticEffect.uexp" 1163
"D:/Projects/Git/Unreal/JumpyUnreal/JumpyCPP/Content/VRTemplate/Blueprints/GrabType.uasset" 1164
"D:/Projects/Git/Unreal/JumpyUnreal/JumpyCPP/Content/VRTemplate/Blueprints/GrabType.uexp" 1165
"D:/Projects/Git/Unreal/JumpyUnreal/JumpyCPP/Content/VRTemplate/Blueprints/GrabComponent.uasset" 1166
"D:/Projects/Git/Unreal/JumpyUnreal/JumpyCPP/Content/VRTemplate/Blueprints/GrabComponent.uexp" 1167
"../../../Engine/Content/OpenWorldTemplate/LandscapeMaterial/T_GridChecker_A.ubulk" 1168
"../../../Engine/Content/OpenWorldTemplate/LandscapeMaterial/T_GridChecker_A.uasset" 1169
"../../../Engine/Content/OpenWorldTemplate/LandscapeMaterial/T_GridChecker_A.uexp" 1170
"../../../Engine/Content/OpenWorldTemplate/LandscapeMaterial/MF_ProcGrid.uasset" 1171
"../../../Engine/Content/OpenWorldTemplate/LandscapeMaterial/MF_ProcGrid.uexp" 1172
"../../../Engine/Content/OpenWorldTemplate/LandscapeMaterial/M_ProcGrid.uasset" 1173
"../../../Engine/Content/OpenWorldTemplate/LandscapeMaterial/M_ProcGrid.uexp" 1174
"../../../Engine/Content/OpenWorldTemplate/LandscapeMaterial/MI_ProcGrid.uasset" 1175
"../../../Engine/Content/OpenWorldTemplate/LandscapeMaterial/MI_ProcGrid.uexp" 1176
"../../../Engine/Content/EngineSky/T_Sky_Stars.ubulk" 1177
"../../../Engine/Content/EngineSky/T_Sky_Stars.uasset" 1178
"../../../Engine/Content/EngineSky/T_Sky_Stars.uexp" 1179
"../../../Engine/Content/EngineSky/T_Sky_Clouds_M.ubulk" 1180
"../../../Engine/Content/EngineSky/T_Sky_Clouds_M.uasset" 1181
"../../../Engine/Content/EngineSky/T_Sky_Clouds_M.uexp" 1182
"../../../Engine/Content/EngineSky/T_Sky_Blue.ubulk" 1183
"../../../Engine/Content/EngineSky/T_Sky_Blue.uasset" 1184
"../../../Engine/Content/EngineSky/T_Sky_Blue.uexp" 1185
"../../../Engine/Content/EngineSky/M_Sky_Panning_Clouds2.uasset" 1186
"../../../Engine/Content/EngineSky/M_Sky_Panning_Clouds2.uexp" 1187
"../../../Engine/Content/EngineSky/SM_SkySphere.ubulk" 1188
"../../../Engine/Content/EngineSky/SM_SkySphere.uasset" 1189
"../../../Engine/Content/EngineSky/SM_SkySphere.uexp" 1190
"../../../Engine/Content/MapTemplates/SM_Template_Map_Floor.ubulk" 1191
"../../../Engine/Content/MapTemplates/SM_Template_Map_Floor.uasset" 1192
"../../../Engine/Content/MapTemplates/SM_Template_Map_Floor.uexp" 1193
"../../../Engine/Content/VREditor/BasicMeshes/T_CleanFloorGrunge_01_D.ubulk" 1194
"../../../Engine/Content/VREditor/BasicMeshes/T_CleanFloorGrunge_01_D.uasset" 1195
"../../../Engine/Content/VREditor/BasicMeshes/T_CleanFloorGrunge_01_D.uexp" 1196
"../../../Engine/Content/VREditor/BasicMeshes/M_Floor_01.uasset" 1197
"../../../Engine/Content/VREditor/BasicMeshes/M_Floor_01.uexp" 1198
"../../../Engine/Content/VREditor/BasicMeshes/MI_Cube_01.uasset" 1199
"../../../Engine/Content/VREditor/BasicMeshes/MI_Cube_01.uexp" 1200
"../../../Engine/Content/VREditor/BasicMeshes/SM_Cube_01.ubulk" 1201
"../../../Engine/Content/VREditor/BasicMeshes/SM_Cube_01.uasset" 1202
"../../../Engine/Content/VREditor/BasicMeshes/SM_Cube_01.uexp" 1203
"D:/Projects/Git/Unreal/JumpyUnreal/JumpyCPP/Content/VRTemplate/Blueprints/Grabbable_SmallCube.uasset" 1204
"D:/Projects/Git/Unreal/JumpyUnreal/JumpyCPP/Content/VRTemplate/Blueprints/Grabbable_SmallCube.uexp" 1205
"D:/Projects/Git/Unreal/JumpyUnreal/JumpyCPP/Content/VRTemplate/Input/Actions/Hands/IA_Hand_Point_Left.uasset" 1206
"D:/Projects/Git/Unreal/JumpyUnreal/JumpyCPP/Content/VRTemplate/Input/Actions/Hands/IA_Hand_Point_Left.uexp" 1207
"D:/Projects/Git/Unreal/JumpyUnreal/JumpyCPP/Content/VRTemplate/Input/Actions/Hands/IA_Hand_ThumbUp_Left.uasset" 1208
"D:/Projects/Git/Unreal/JumpyUnreal/JumpyCPP/Content/VRTemplate/Input/Actions/Hands/IA_Hand_ThumbUp_Left.uexp" 1209
"D:/Projects/Git/Unreal/JumpyUnreal/JumpyCPP/Content/VRTemplate/Input/Actions/Hands/IA_Hand_IndexCurl_Right.uasset" 1210
"D:/Projects/Git/Unreal/JumpyUnreal/JumpyCPP/Content/VRTemplate/Input/Actions/Hands/IA_Hand_IndexCurl_Right.uexp" 1211
"D:/Projects/Git/Unreal/JumpyUnreal/JumpyCPP/Content/VRTemplate/Input/Actions/Hands/IA_Hand_Point_Right.uasset" 1212
"D:/Projects/Git/Unreal/JumpyUnreal/JumpyCPP/Content/VRTemplate/Input/Actions/Hands/IA_Hand_Point_Right.uexp" 1213
"D:/Projects/Git/Unreal/JumpyUnreal/JumpyCPP/Content/VRTemplate/Input/Actions/Hands/IA_Hand_Grasp_Right.uasset" 1214
"D:/Projects/Git/Unreal/JumpyUnreal/JumpyCPP/Content/VRTemplate/Input/Actions/Hands/IA_Hand_Grasp_Right.uexp" 1215
"D:/Projects/Git/Unreal/JumpyUnreal/JumpyCPP/Content/VRTemplate/Input/Actions/Hands/IA_Hand_Grasp_Left.uasset" 1216
"D:/Projects/Git/Unreal/JumpyUnreal/JumpyCPP/Content/VRTemplate/Input/Actions/Hands/IA_Hand_Grasp_Left.uexp" 1217
"D:/Projects/Git/Unreal/JumpyUnreal/JumpyCPP/Content/VRTemplate/Input/Actions/Hands/IA_Hand_IndexCurl_Left.uasset" 1218
"D:/Projects/Git/Unreal/JumpyUnreal/JumpyCPP/Content/VRTemplate/Input/Actions/Hands/IA_Hand_IndexCurl_Left.uexp" 1219
"D:/Projects/Git/Unreal/JumpyUnreal/JumpyCPP/Content/VRTemplate/Input/Actions/Hands/IA_Hand_ThumbUp_Right.uasset" 1220
"D:/Projects/Git/Unreal/JumpyUnreal/JumpyCPP/Content/VRTemplate/Input/Actions/Hands/IA_Hand_ThumbUp_Right.uexp" 1221
"D:/Projects/Git/Unreal/JumpyUnreal/JumpyCPP/Content/VRTemplate/Input/IMC_Hands.uasset" 1222
"D:/Projects/Git/Unreal/JumpyUnreal/JumpyCPP/Content/VRTemplate/Input/IMC_Hands.uexp" 1223
"D:/Projects/Git/Unreal/JumpyUnreal/JumpyCPP/Content/VRTemplate/Input/Actions/IA_Grab_Left_Pressed.uasset" 1224
"D:/Projects/Git/Unreal/JumpyUnreal/JumpyCPP/Content/VRTemplate/Input/Actions/IA_Grab_Left_Pressed.uexp" 1225
"D:/Projects/Git/Unreal/JumpyUnreal/JumpyCPP/Content/VRTemplate/Input/Actions/IA_Menu_Toggle_Left.uasset" 1226
"D:/Projects/Git/Unreal/JumpyUnreal/JumpyCPP/Content/VRTemplate/Input/Actions/IA_Menu_Toggle_Left.uexp" 1227
"D:/Projects/Git/Unreal/JumpyUnreal/JumpyCPP/Content/VRTemplate/Input/B_InputModifier_XAxisPositiveOnly.uasset" 1228
"D:/Projects/Git/Unreal/JumpyUnreal/JumpyCPP/Content/VRTemplate/Input/B_InputModifier_XAxisPositiveOnly.uexp" 1229
"D:/Projects/Git/Unreal/JumpyUnreal/JumpyCPP/Content/VRTemplate/Input/Actions/IA_Move.uasset" 1230
"D:/Projects/Git/Unreal/JumpyUnreal/JumpyCPP/Content/VRTemplate/Input/Actions/IA_Move.uexp" 1231
"D:/Projects/Git/Unreal/JumpyUnreal/JumpyCPP/Content/VRTemplate/Input/Actions/IA_Grab_Right_Released.uasset" 1232
"D:/Projects/Git/Unreal/JumpyUnreal/JumpyCPP/Content/VRTemplate/Input/Actions/IA_Grab_Right_Released.uexp" 1233
"D:/Projects/Git/Unreal/JumpyUnreal/JumpyCPP/Content/VRTemplate/Input/Actions/IA_Turn.uasset" 1234
"D:/Projects/Git/Unreal/JumpyUnreal/JumpyCPP/Content/VRTemplate/Input/Actions/IA_Turn.uexp" 1235
"D:/Projects/Git/Unreal/JumpyUnreal/JumpyCPP/Content/VRTemplate/Input/Actions/IA_Menu_Toggle_Right.uasset" 1236
"D:/Projects/Git/Unreal/JumpyUnreal/JumpyCPP/Content/VRTemplate/Input/Actions/IA_Menu_Toggle_Right.uexp" 1237
"D:/Projects/Git/Unreal/JumpyUnreal/JumpyCPP/Content/VRTemplate/Input/Actions/IA_Grab_Right_Pressed.uasset" 1238
"D:/Projects/Git/Unreal/JumpyUnreal/JumpyCPP/Content/VRTemplate/Input/Actions/IA_Grab_Right_Pressed.uexp" 1239
"D:/Projects/Git/Unreal/JumpyUnreal/JumpyCPP/Content/VRTemplate/Input/Actions/IA_Grab_Left_Released.uasset" 1240
"D:/Projects/Git/Unreal/JumpyUnreal/JumpyCPP/Content/VRTemplate/Input/Actions/IA_Grab_Left_Released.uexp" 1241
"D:/Projects/Git/Unreal/JumpyUnreal/JumpyCPP/Content/VRTemplate/Input/Actions/MoveX.uasset" 1242
"D:/Projects/Git/Unreal/JumpyUnreal/JumpyCPP/Content/VRTemplate/Input/Actions/MoveX.uexp" 1243
"D:/Projects/Git/Unreal/JumpyUnreal/JumpyCPP/Content/VRTemplate/Input/Actions/MoveY.uasset" 1244
"D:/Projects/Git/Unreal/JumpyUnreal/JumpyCPP/Content/VRTemplate/Input/Actions/MoveY.uexp" 1245
"D:/Projects/Git/Unreal/JumpyUnreal/JumpyCPP/Content/VRTemplate/Input/IMC_Default.uasset" 1246
"D:/Projects/Git/Unreal/JumpyUnreal/JumpyCPP/Content/VRTemplate/Input/IMC_Default.uexp" 1247
"D:/Projects/Git/Unreal/JumpyUnreal/JumpyCPP/Content/VRTemplate/VFX/NPC_VRTemplate.uasset" 1248
"D:/Projects/Git/Unreal/JumpyUnreal/JumpyCPP/Content/VRTemplate/VFX/NPC_VRTemplate.uexp" 1249
"../../../Engine/Content/Functions/Engine_MaterialFunctions02/Utility/DepthFromWorldPosition.uasset" 1250
"../../../Engine/Content/Functions/Engine_MaterialFunctions02/Utility/DepthFromWorldPosition.uexp" 1251
"D:/Projects/Git/Unreal/JumpyUnreal/JumpyCPP/Content/VRTemplate/Materials/Functions/MF_OccludedPixels.uasset" 1252
"D:/Projects/Git/Unreal/JumpyUnreal/JumpyCPP/Content/VRTemplate/Materials/Functions/MF_OccludedPixels.uexp" 1253
"D:/Projects/Git/Unreal/JumpyUnreal/JumpyCPP/Content/VRTemplate/Materials/M_TeleportNoise.uasset" 1254
"D:/Projects/Git/Unreal/JumpyUnreal/JumpyCPP/Content/VRTemplate/Materials/M_TeleportNoise.uexp" 1255
"D:/Projects/Git/Unreal/JumpyUnreal/JumpyCPP/Content/VRTemplate/VFX/NS_PlayAreaBounds.uasset" 1256
"D:/Projects/Git/Unreal/JumpyUnreal/JumpyCPP/Content/VRTemplate/VFX/NS_PlayAreaBounds.uexp" 1257
"../../../Engine/Content/BasicShapes/Cylinder.ubulk" 1258
"../../../Engine/Content/BasicShapes/Cylinder.uasset" 1259
"../../../Engine/Content/BasicShapes/Cylinder.uexp" 1260
"D:/Projects/Git/Unreal/JumpyUnreal/JumpyCPP/Content/VRTemplate/Materials/M_TeleportCylinder.uasset" 1261
"D:/Projects/Git/Unreal/JumpyUnreal/JumpyCPP/Content/VRTemplate/Materials/M_TeleportCylinder.uexp" 1262
"D:/Projects/Git/Unreal/JumpyUnreal/JumpyCPP/Content/VRTemplate/VFX/NS_TeleportRing.uasset" 1263
"D:/Projects/Git/Unreal/JumpyUnreal/JumpyCPP/Content/VRTemplate/VFX/NS_TeleportRing.uexp" 1264
"D:/Projects/Git/Unreal/JumpyUnreal/JumpyCPP/Content/VRTemplate/Blueprints/VRTeleportVisualizer.uasset" 1265
"D:/Projects/Git/Unreal/JumpyUnreal/JumpyCPP/Content/VRTemplate/Blueprints/VRTeleportVisualizer.uexp" 1266
"D:/Projects/Git/Unreal/JumpyUnreal/JumpyCPP/Content/Characters/MannequinsXR/Textures/Manny/T_Manny_02_MSR_MSK.ubulk" 1267
"D:/Projects/Git/Unreal/JumpyUnreal/JumpyCPP/Content/Characters/MannequinsXR/Textures/Manny/T_Manny_02_MSR_MSK.uasset" 1268
"D:/Projects/Git/Unreal/JumpyUnreal/JumpyCPP/Content/Characters/MannequinsXR/Textures/Manny/T_Manny_02_MSR_MSK.uexp" 1269
"D:/Projects/Git/Unreal/JumpyUnreal/JumpyCPP/Content/Characters/MannequinsXR/Textures/Manny/T_Manny_02_N.ubulk" 1270
"D:/Projects/Git/Unreal/JumpyUnreal/JumpyCPP/Content/Characters/MannequinsXR/Textures/Manny/T_Manny_02_N.uasset" 1271
"D:/Projects/Git/Unreal/JumpyUnreal/JumpyCPP/Content/Characters/MannequinsXR/Textures/Manny/T_Manny_02_N.uexp" 1272
"D:/Projects/Git/Unreal/JumpyUnreal/JumpyCPP/Content/Characters/MannequinsXR/Textures/Manny/T_Manny_02_Tan.ubulk" 1273
"D:/Projects/Git/Unreal/JumpyUnreal/JumpyCPP/Content/Characters/MannequinsXR/Textures/Manny/T_Manny_02_Tan.uasset" 1274
"D:/Projects/Git/Unreal/JumpyUnreal/JumpyCPP/Content/Characters/MannequinsXR/Textures/Manny/T_Manny_02_Tan.uexp" 1275
"D:/Projects/Git/Unreal/JumpyUnreal/JumpyCPP/Content/Characters/MannequinsXR/Textures/Manny/T_Manny_01_BN.ubulk" 1276
"D:/Projects/Git/Unreal/JumpyUnreal/JumpyCPP/Content/Characters/MannequinsXR/Textures/Manny/T_Manny_01_BN.uasset" 1277
"D:/Projects/Git/Unreal/JumpyUnreal/JumpyCPP/Content/Characters/MannequinsXR/Textures/Manny/T_Manny_01_BN.uexp" 1278
"D:/Projects/Git/Unreal/JumpyUnreal/JumpyCPP/Content/Characters/MannequinsXR/Textures/Manny/T_Manny_01_ASAOPMASK_MSK.ubulk" 1279
"D:/Projects/Git/Unreal/JumpyUnreal/JumpyCPP/Content/Characters/MannequinsXR/Textures/Manny/T_Manny_01_ASAOPMASK_MSK.uasset" 1280
"D:/Projects/Git/Unreal/JumpyUnreal/JumpyCPP/Content/Characters/MannequinsXR/Textures/Manny/T_Manny_01_ASAOPMASK_MSK.uexp" 1281
"D:/Projects/Git/Unreal/JumpyUnreal/JumpyCPP/Content/Characters/MannequinsXR/Textures/Manny/T_Manny_01_D.ubulk" 1282
"D:/Projects/Git/Unreal/JumpyUnreal/JumpyCPP/Content/Characters/MannequinsXR/Textures/Manny/T_Manny_01_D.uasset" 1283
"D:/Projects/Git/Unreal/JumpyUnreal/JumpyCPP/Content/Characters/MannequinsXR/Textures/Manny/T_Manny_01_D.uexp" 1284
"D:/Projects/Git/Unreal/JumpyUnreal/JumpyCPP/Content/Characters/MannequinsXR/Textures/Manny/T_Manny_01_Tan.ubulk" 1285
"D:/Projects/Git/Unreal/JumpyUnreal/JumpyCPP/Content/Characters/MannequinsXR/Textures/Manny/T_Manny_01_Tan.uasset" 1286
"D:/Projects/Git/Unreal/JumpyUnreal/JumpyCPP/Content/Characters/MannequinsXR/Textures/Manny/T_Manny_01_Tan.uexp" 1287
"D:/Projects/Git/Unreal/JumpyUnreal/JumpyCPP/Content/Characters/MannequinsXR/Textures/Manny/T_Manny_01_N.ubulk" 1288
"D:/Projects/Git/Unreal/JumpyUnreal/JumpyCPP/Content/Characters/MannequinsXR/Textures/Manny/T_Manny_01_N.uasset" 1289
"D:/Projects/Git/Unreal/JumpyUnreal/JumpyCPP/Content/Characters/MannequinsXR/Textures/Manny/T_Manny_01_N.uexp" 1290
"D:/Projects/Git/Unreal/JumpyUnreal/JumpyCPP/Content/Characters/MannequinsXR/Textures/Manny/T_Manny_01_MSR_MSK.ubulk" 1291
"D:/Projects/Git/Unreal/JumpyUnreal/JumpyCPP/Content/Characters/MannequinsXR/Textures/Manny/T_Manny_01_MSR_MSK.uasset" 1292
"D:/Projects/Git/Unreal/JumpyUnreal/JumpyCPP/Content/Characters/MannequinsXR/Textures/Manny/T_Manny_01_MSR_MSK.uexp" 1293
"D:/Projects/Git/Unreal/JumpyUnreal/JumpyCPP/Content/Characters/MannequinsXR/Textures/Manny/T_Manny_01_CCRCCPlastic_MSK.ubulk" 1294
"D:/Projects/Git/Unreal/JumpyUnreal/JumpyCPP/Content/Characters/MannequinsXR/Textures/Manny/T_Manny_01_CCRCCPlastic_MSK.uasset" 1295
"D:/Projects/Git/Unreal/JumpyUnreal/JumpyCPP/Content/Characters/MannequinsXR/Textures/Manny/T_Manny_01_CCRCCPlastic_MSK.uexp" 1296
"D:/Projects/Git/Unreal/JumpyUnreal/JumpyCPP/Content/Characters/MannequinsXR/Materials/Functions/ML_BaseColorFallOff.uasset" 1297
"D:/Projects/Git/Unreal/JumpyUnreal/JumpyCPP/Content/Characters/MannequinsXR/Materials/Functions/ML_BaseColorFallOff.uexp" 1298
"D:/Projects/Git/Unreal/JumpyUnreal/JumpyCPP/Content/Characters/MannequinsXR/Materials/Functions/ChromaticCurve.uasset" 1299
"D:/Projects/Git/Unreal/JumpyUnreal/JumpyCPP/Content/Characters/MannequinsXR/Materials/Functions/ChromaticCurve.uexp" 1300
"D:/Projects/Git/Unreal/JumpyUnreal/JumpyCPP/Content/Characters/MannequinsXR/Materials/Functions/CA_Mannequin.uasset" 1301
"D:/Projects/Git/Unreal/JumpyUnreal/JumpyCPP/Content/Characters/MannequinsXR/Materials/Functions/CA_Mannequin.uexp" 1302
"D:/Projects/Git/Unreal/JumpyUnreal/JumpyCPP/Content/Characters/MannequinsXR/Materials/Functions/MF_Diffraction.uasset" 1303
"D:/Projects/Git/Unreal/JumpyUnreal/JumpyCPP/Content/Characters/MannequinsXR/Materials/Functions/MF_Diffraction.uexp" 1304
"D:/Projects/Git/Unreal/JumpyUnreal/JumpyCPP/Content/Characters/MannequinsXR/Textures/Shared/T_UE_Logo_M.uasset" 1305
"D:/Projects/Git/Unreal/JumpyUnreal/JumpyCPP/Content/Characters/MannequinsXR/Textures/Shared/T_UE_Logo_M.uexp" 1306
"D:/Projects/Git/Unreal/JumpyUnreal/JumpyCPP/Content/Characters/MannequinsXR/Materials/Functions/MF_logo3layers.uasset" 1307
"D:/Projects/Git/Unreal/JumpyUnreal/JumpyCPP/Content/Characters/MannequinsXR/Materials/Functions/MF_logo3layers.uexp" 1308
"D:/Projects/Git/Unreal/JumpyUnreal/JumpyCPP/Content/Characters/MannequinsXR/Materials/M_Mannequin.uasset" 1309
"D:/Projects/Git/Unreal/JumpyUnreal/JumpyCPP/Content/Characters/MannequinsXR/Materials/M_Mannequin.uexp" 1310
"D:/Projects/Git/Unreal/JumpyUnreal/JumpyCPP/Content/Characters/MannequinsXR/Materials/Instances/Manny/MI_Manny_01.uasset" 1311
"D:/Projects/Git/Unreal/JumpyUnreal/JumpyCPP/Content/Characters/MannequinsXR/Materials/Instances/Manny/MI_Manny_01.uexp" 1312
"D:/Projects/Git/Unreal/JumpyUnreal/JumpyCPP/Content/Characters/MannequinsXR/Textures/Manny/T_Manny_02_D.ubulk" 1313
"D:/Projects/Git/Unreal/JumpyUnreal/JumpyCPP/Content/Characters/MannequinsXR/Textures/Manny/T_Manny_02_D.uasset" 1314
"D:/Projects/Git/Unreal/JumpyUnreal/JumpyCPP/Content/Characters/MannequinsXR/Textures/Manny/T_Manny_02_D.uexp" 1315
"D:/Projects/Git/Unreal/JumpyUnreal/JumpyCPP/Content/Characters/MannequinsXR/Textures/Manny/T_Manny_02_ASAOPMASK_MSK.ubulk" 1316
"D:/Projects/Git/Unreal/JumpyUnreal/JumpyCPP/Content/Characters/MannequinsXR/Textures/Manny/T_Manny_02_ASAOPMASK_MSK.uasset" 1317
"D:/Projects/Git/Unreal/JumpyUnreal/JumpyCPP/Content/Characters/MannequinsXR/Textures/Manny/T_Manny_02_ASAOPMASK_MSK.uexp" 1318
"D:/Projects/Git/Unreal/JumpyUnreal/JumpyCPP/Content/Characters/MannequinsXR/Textures/Manny/T_Manny_02_CCRCCPlastic_MSK.ubulk" 1319
"D:/Projects/Git/Unreal/JumpyUnreal/JumpyCPP/Content/Characters/MannequinsXR/Textures/Manny/T_Manny_02_CCRCCPlastic_MSK.uasset" 1320
"D:/Projects/Git/Unreal/JumpyUnreal/JumpyCPP/Content/Characters/MannequinsXR/Textures/Manny/T_Manny_02_CCRCCPlastic_MSK.uexp" 1321
"D:/Projects/Git/Unreal/JumpyUnreal/JumpyCPP/Content/Characters/MannequinsXR/Textures/Manny/T_Manny_02_BN.ubulk" 1322
"D:/Projects/Git/Unreal/JumpyUnreal/JumpyCPP/Content/Characters/MannequinsXR/Textures/Manny/T_Manny_02_BN.uasset" 1323
"D:/Projects/Git/Unreal/JumpyUnreal/JumpyCPP/Content/Characters/MannequinsXR/Textures/Manny/T_Manny_02_BN.uexp" 1324
"D:/Projects/Git/Unreal/JumpyUnreal/JumpyCPP/Content/Characters/MannequinsXR/Materials/Instances/Manny/MI_Manny_02.uasset" 1325
"D:/Projects/Git/Unreal/JumpyUnreal/JumpyCPP/Content/Characters/MannequinsXR/Materials/Instances/Manny/MI_Manny_02.uexp" 1326
"D:/Projects/Git/Unreal/JumpyUnreal/JumpyCPP/Content/Characters/MannequinsXR/Meshes/SK_MannequinsXR.uasset" 1327
"D:/Projects/Git/Unreal/JumpyUnreal/JumpyCPP/Content/Characters/MannequinsXR/Meshes/SK_MannequinsXR.uexp" 1328
"D:/Projects/Git/Unreal/JumpyUnreal/JumpyCPP/Content/Characters/MannequinsXR/Meshes/SKM_MannyXR_left.uasset" 1329
"D:/Projects/Git/Unreal/JumpyUnreal/JumpyCPP/Content/Characters/MannequinsXR/Meshes/SKM_MannyXR_left.uexp" 1330
"../../../Engine/Content/Animation/DefaultAnimCurveCompressionSettings.uasset" 1331
"../../../Engine/Content/Animation/DefaultAnimCurveCompressionSettings.uexp" 1332
"../../../Engine/Content/Animation/DefaultRecorderBoneCompression.uasset" 1333
"../../../Engine/Content/Animation/DefaultRecorderBoneCompression.uexp" 1334
"D:/Projects/Git/Unreal/JumpyUnreal/JumpyCPP/Content/Characters/MannequinsXR/Animations/A_MannequinsXR_Idle_Right.uasset" 1335
"D:/Projects/Git/Unreal/JumpyUnreal/JumpyCPP/Content/Characters/MannequinsXR/Animations/A_MannequinsXR_Idle_Right.m.ubulk" 1336
"D:/Projects/Git/Unreal/JumpyUnreal/JumpyCPP/Content/Characters/MannequinsXR/Animations/A_MannequinsXR_Idle_Right.uexp" 1337
"D:/Projects/Git/Unreal/JumpyUnreal/JumpyCPP/Content/Characters/MannequinsXR/Animations/A_MannequinsXR_ThumbUp_Right.uasset" 1338
"D:/Projects/Git/Unreal/JumpyUnreal/JumpyCPP/Content/Characters/MannequinsXR/Animations/A_MannequinsXR_ThumbUp_Right.m.ubulk" 1339
"D:/Projects/Git/Unreal/JumpyUnreal/JumpyCPP/Content/Characters/MannequinsXR/Animations/A_MannequinsXR_ThumbUp_Right.uexp" 1340
"D:/Projects/Git/Unreal/JumpyUnreal/JumpyCPP/Content/Characters/MannequinsXR/Animations/A_MannequinsXR_Point_Right.uasset" 1341
"D:/Projects/Git/Unreal/JumpyUnreal/JumpyCPP/Content/Characters/MannequinsXR/Animations/A_MannequinsXR_Point_Right.m.ubulk" 1342
"D:/Projects/Git/Unreal/JumpyUnreal/JumpyCPP/Content/Characters/MannequinsXR/Animations/A_MannequinsXR_Point_Right.uexp" 1343
"D:/Projects/Git/Unreal/JumpyUnreal/JumpyCPP/Content/Characters/MannequinsXR/Animations/MDT_MannequinsXR.uasset" 1344
"D:/Projects/Git/Unreal/JumpyUnreal/JumpyCPP/Content/Characters/MannequinsXR/Animations/MDT_MannequinsXR.uexp" 1345
"D:/Projects/Git/Unreal/JumpyUnreal/JumpyCPP/Content/Characters/MannequinsXR/Animations/A_MannequinsXR_Grasp_Right.uasset" 1346
"D:/Projects/Git/Unreal/JumpyUnreal/JumpyCPP/Content/Characters/MannequinsXR/Animations/A_MannequinsXR_Grasp_Right.m.ubulk" 1347
"D:/Projects/Git/Unreal/JumpyUnreal/JumpyCPP/Content/Characters/MannequinsXR/Animations/A_MannequinsXR_Grasp_Right.uexp" 1348
"D:/Projects/Git/Unreal/JumpyUnreal/JumpyCPP/Content/Characters/MannequinsXR/Animations/A_MannequinsXR_IndexCurl_Right.uasset" 1349
"D:/Projects/Git/Unreal/JumpyUnreal/JumpyCPP/Content/Characters/MannequinsXR/Animations/A_MannequinsXR_IndexCurl_Right.m.ubulk" 1350
"D:/Projects/Git/Unreal/JumpyUnreal/JumpyCPP/Content/Characters/MannequinsXR/Animations/A_MannequinsXR_IndexCurl_Right.uexp" 1351
"D:/Projects/Git/Unreal/JumpyUnreal/JumpyCPP/Content/Characters/MannequinsXR/Meshes/ABP_MannequinsXR.uasset" 1352
"D:/Projects/Git/Unreal/JumpyUnreal/JumpyCPP/Content/Characters/MannequinsXR/Meshes/ABP_MannequinsXR.uexp" 1353
"D:/Projects/Git/Unreal/JumpyUnreal/JumpyCPP/Content/Characters/MannequinsXR/B_MannequinsXR.uasset" 1354
"D:/Projects/Git/Unreal/JumpyUnreal/JumpyCPP/Content/Characters/MannequinsXR/B_MannequinsXR.uexp" 1355
"D:/Projects/Git/Unreal/JumpyUnreal/JumpyCPP/Content/VRTemplate/Materials/DefaultRibbonMaterial_NoGradient.uasset" 1356
"D:/Projects/Git/Unreal/JumpyUnreal/JumpyCPP/Content/VRTemplate/Materials/DefaultRibbonMaterial_NoGradient.uexp" 1357
"D:/Projects/Git/Unreal/JumpyUnreal/JumpyCPP/Content/VRTemplate/VFX/NS_TeleportTrace.uasset" 1358
"D:/Projects/Git/Unreal/JumpyUnreal/JumpyCPP/Content/VRTemplate/VFX/NS_TeleportTrace.uexp" 1359
"D:/Projects/Git/Unreal/JumpyUnreal/JumpyCPP/Content/VRTemplate/Blueprints/BPI_PawnAnim.uasset" 1360
"D:/Projects/Git/Unreal/JumpyUnreal/JumpyCPP/Content/VRTemplate/Blueprints/BPI_PawnAnim.uexp" 1361
"D:/Projects/Git/Unreal/JumpyUnreal/JumpyCPP/Content/Characters/MannequinsXR/Meshes/SKM_MannyXR_right.uasset" 1362
"D:/Projects/Git/Unreal/JumpyUnreal/JumpyCPP/Content/Characters/MannequinsXR/Meshes/SKM_MannyXR_right.uexp" 1363
"../../../Engine/Content/VREditor/Devices/Generic/GenericHMDMaterial.uasset" 1364
"../../../Engine/Content/VREditor/Devices/Generic/GenericHMDMaterial.uexp" 1365
"../../../Engine/Content/VREditor/Devices/Generic/GenericHMD.ubulk" 1366
"../../../Engine/Content/VREditor/Devices/Generic/GenericHMD.uasset" 1367
"../../../Engine/Content/VREditor/Devices/Generic/GenericHMD.uexp" 1368
"../../../Engine/Content/BasicShapes/Sphere.ubulk" 1369
"../../../Engine/Content/BasicShapes/Sphere.uasset" 1370
"../../../Engine/Content/BasicShapes/Sphere.uexp" 1371
"D:/Projects/Git/Unreal/JumpyUnreal/JumpyCPP/Content/VRTemplate/VFX/NS_MenuLaser.uasset" 1372
"D:/Projects/Git/Unreal/JumpyUnreal/JumpyCPP/Content/VRTemplate/VFX/NS_MenuLaser.uexp" 1373
"D:/Projects/Git/Unreal/JumpyUnreal/JumpyCPP/Content/VRTemplate/Input/Actions/IA_Menu_Cursor_Left.uasset" 1374
"D:/Projects/Git/Unreal/JumpyUnreal/JumpyCPP/Content/VRTemplate/Input/Actions/IA_Menu_Cursor_Left.uexp" 1375
"D:/Projects/Git/Unreal/JumpyUnreal/JumpyCPP/Content/VRTemplate/Input/Actions/IA_Menu_Cursor_Right.uasset" 1376
"D:/Projects/Git/Unreal/JumpyUnreal/JumpyCPP/Content/VRTemplate/Input/Actions/IA_Menu_Cursor_Right.uexp" 1377
"../../../Engine/Content/EditorResources/AI/S_NavLink.uasset" 1378
"../../../Engine/Content/EditorResources/AI/S_NavLink.uexp" 1379
"D:/Projects/Git/Unreal/JumpyUnreal/JumpyCPP/Content/VRTemplate/Blueprints/WidgetMenu.uasset" 1380
"D:/Projects/Git/Unreal/JumpyUnreal/JumpyCPP/Content/VRTemplate/Blueprints/WidgetMenu.uexp" 1381
"D:/Projects/Git/Unreal/JumpyUnreal/JumpyCPP/Content/VRTemplate/Input/Actions/IA_Menu_Interact_Left_Pressed.uasset" 1382
"D:/Projects/Git/Unreal/JumpyUnreal/JumpyCPP/Content/VRTemplate/Input/Actions/IA_Menu_Interact_Left_Pressed.uexp" 1383
"D:/Projects/Git/Unreal/JumpyUnreal/JumpyCPP/Content/VRTemplate/Input/Actions/IA_Menu_Interact_Right_Pressed.uasset" 1384
"D:/Projects/Git/Unreal/JumpyUnreal/JumpyCPP/Content/VRTemplate/Input/Actions/IA_Menu_Interact_Right_Pressed.uexp" 1385
"D:/Projects/Git/Unreal/JumpyUnreal/JumpyCPP/Content/VRTemplate/Input/IMC_Menu.uasset" 1386
"D:/Projects/Git/Unreal/JumpyUnreal/JumpyCPP/Content/VRTemplate/Input/IMC_Menu.uexp" 1387
"D:/Projects/Git/Unreal/JumpyUnreal/JumpyCPP/Content/VRTemplate/Materials/M_VRCursor.uasset" 1388
"D:/Projects/Git/Unreal/JumpyUnreal/JumpyCPP/Content/VRTemplate/Materials/M_VRCursor.uexp" 1389
"D:/Projects/Git/Unreal/JumpyUnreal/JumpyCPP/Content/VRTemplate/Blueprints/Menu.uasset" 1390
"D:/Projects/Git/Unreal/JumpyUnreal/JumpyCPP/Content/VRTemplate/Blueprints/Menu.uexp" 1391
"D:/Projects/Git/Unreal/JumpyUnreal/JumpyCPP/Content/VRTemplate/Blueprints/VRPawn.uasset" 1392
"D:/Projects/Git/Unreal/JumpyUnreal/JumpyCPP/Content/VRTemplate/Blueprints/VRPawn.uexp" 1393
"D:/Projects/Git/Unreal/JumpyUnreal/JumpyCPP/Content/VRTemplate/Blueprints/VRGameMode.uasset" 1394
"D:/Projects/Git/Unreal/JumpyUnreal/JumpyCPP/Content/VRTemplate/Blueprints/VRGameMode.uexp" 1395
"../../../Engine/Content/BasicShapes/BasicShapeMaterial.uasset" 1396
"../../../Engine/Content/BasicShapes/BasicShapeMaterial.uexp" 1397
"D:/Projects/Git/Unreal/JumpyUnreal/JumpyCPP/Content/StackOBot/Environment/Modular/SM_Fan_Grating.ubulk" 1398
"D:/Projects/Git/Unreal/JumpyUnreal/JumpyCPP/Content/StackOBot/Environment/Modular/SM_Fan_Grating.uasset" 1399
"D:/Projects/Git/Unreal/JumpyUnreal/JumpyCPP/Content/StackOBot/Environment/Modular/SM_Fan_Grating.uexp" 1400
"../../../Engine/Plugins/FX/Niagara/Content/DefaultAssets/DefaultSpriteMaterial.uasset" 1401
"../../../Engine/Plugins/FX/Niagara/Content/DefaultAssets/DefaultSpriteMaterial.uexp" 1402
"../../../Engine/Plugins/FX/Niagara/Content/VectorFields/Assets/TilingCurl32.uasset" 1403
"../../../Engine/Plugins/FX/Niagara/Content/VectorFields/Assets/TilingCurl32.uexp" 1404
"D:/Projects/Git/Unreal/JumpyUnreal/JumpyCPP/Content/StackOBot/FX/Windbands/M_WindWhispsRibbon.uasset" 1405
"D:/Projects/Git/Unreal/JumpyUnreal/JumpyCPP/Content/StackOBot/FX/Windbands/M_WindWhispsRibbon.uexp" 1406
"D:/Projects/Git/Unreal/JumpyUnreal/JumpyCPP/Content/StackOBot/FX/Windbands/FX_WindBands.uasset" 1407
"D:/Projects/Git/Unreal/JumpyUnreal/JumpyCPP/Content/StackOBot/FX/Windbands/FX_WindBands.uexp" 1408
"D:/Projects/Git/Unreal/JumpyUnreal/JumpyCPP/Content/StackOBot/Environment/Modular/SM_Fan_Frame.ubulk" 1409
"D:/Projects/Git/Unreal/JumpyUnreal/JumpyCPP/Content/StackOBot/Environment/Modular/SM_Fan_Frame.uasset" 1410
"D:/Projects/Git/Unreal/JumpyUnreal/JumpyCPP/Content/StackOBot/Environment/Modular/SM_Fan_Frame.uexp" 1411
"D:/Projects/Git/Unreal/JumpyUnreal/JumpyCPP/Content/StackOBot/Environment/Modular/SM_Fan_Fan.ubulk" 1412
"D:/Projects/Git/Unreal/JumpyUnreal/JumpyCPP/Content/StackOBot/Environment/Modular/SM_Fan_Fan.uasset" 1413
"D:/Projects/Git/Unreal/JumpyUnreal/JumpyCPP/Content/StackOBot/Environment/Modular/SM_Fan_Fan.uexp" 1414
"D:/Projects/Git/Unreal/JumpyUnreal/JumpyCPP/Content/Blueprints/Actor/BP_Fan.uasset" 1415
"D:/Projects/Git/Unreal/JumpyUnreal/JumpyCPP/Content/Blueprints/Actor/BP_Fan.uexp" 1416
"D:/Projects/Git/Unreal/JumpyUnreal/JumpyCPP/Content/StackOBot/Environment/Props/SM_GenericMachine_Engine.ubulk" 1417
"D:/Projects/Git/Unreal/JumpyUnreal/JumpyCPP/Content/StackOBot/Environment/Props/SM_GenericMachine_Engine.uasset" 1418
"D:/Projects/Git/Unreal/JumpyUnreal/JumpyCPP/Content/StackOBot/Environment/Props/SM_GenericMachine_Engine.uexp" 1419
"D:/Projects/Git/Unreal/JumpyUnreal/JumpyCPP/Content/Blueprints/Actor/BP_Stomper.uasset" 1420
"D:/Projects/Git/Unreal/JumpyUnreal/JumpyCPP/Content/Blueprints/Actor/BP_Stomper.uexp" 1421
"../../../Engine/Content/EngineSky/M_SimpleSkyDome.uasset" 1422
"../../../Engine/Content/EngineSky/M_SimpleSkyDome.uexp" 1423
"D:/Projects/Git/Unreal/JumpyUnreal/JumpyCPP/Content/VRTemplate/Input/Actions/IA_Shoot_Left.uasset" 1424
"D:/Projects/Git/Unreal/JumpyUnreal/JumpyCPP/Content/VRTemplate/Input/Actions/IA_Shoot_Left.uexp" 1425
"D:/Projects/Git/Unreal/JumpyUnreal/JumpyCPP/Content/VRTemplate/Haptics/PistolFireHapticEffect.uasset" 1426
"D:/Projects/Git/Unreal/JumpyUnreal/JumpyCPP/Content/VRTemplate/Haptics/PistolFireHapticEffect.uexp" 1427
"D:/Projects/Git/Unreal/JumpyUnreal/JumpyCPP/Content/FPWeapon/Materials/MaterialLayers/T_ML_Rubber_Blue_01_D.ubulk" 1428
"D:/Projects/Git/Unreal/JumpyUnreal/JumpyCPP/Content/FPWeapon/Materials/MaterialLayers/T_ML_Rubber_Blue_01_D.uasset" 1429
"D:/Projects/Git/Unreal/JumpyUnreal/JumpyCPP/Content/FPWeapon/Materials/MaterialLayers/T_ML_Rubber_Blue_01_D.uexp" 1430
"D:/Projects/Git/Unreal/JumpyUnreal/JumpyCPP/Content/FPWeapon/Materials/MaterialLayers/T_ML_Rubber_Blue_01_N.ubulk" 1431
"D:/Projects/Git/Unreal/JumpyUnreal/JumpyCPP/Content/FPWeapon/Materials/MaterialLayers/T_ML_Rubber_Blue_01_N.uasset" 1432
"D:/Projects/Git/Unreal/JumpyUnreal/JumpyCPP/Content/FPWeapon/Materials/MaterialLayers/T_ML_Rubber_Blue_01_N.uexp" 1433
"D:/Projects/Git/Unreal/JumpyUnreal/JumpyCPP/Content/FPWeapon/Materials/MaterialLayers/T_ML_Aluminum01_N.ubulk" 1434
"D:/Projects/Git/Unreal/JumpyUnreal/JumpyCPP/Content/FPWeapon/Materials/MaterialLayers/T_ML_Aluminum01_N.uasset" 1435
"D:/Projects/Git/Unreal/JumpyUnreal/JumpyCPP/Content/FPWeapon/Materials/MaterialLayers/T_ML_Aluminum01_N.uexp" 1436
"D:/Projects/Git/Unreal/JumpyUnreal/JumpyCPP/Content/FPWeapon/Materials/MaterialLayers/T_ML_Aluminum01.ubulk" 1437
"D:/Projects/Git/Unreal/JumpyUnreal/JumpyCPP/Content/FPWeapon/Materials/MaterialLayers/T_ML_Aluminum01.uasset" 1438
"D:/Projects/Git/Unreal/JumpyUnreal/JumpyCPP/Content/FPWeapon/Materials/MaterialLayers/T_ML_Aluminum01.uexp" 1439
"D:/Projects/Git/Unreal/JumpyUnreal/JumpyCPP/Content/FPWeapon/Materials/MaterialLayers/ML_SoftMetal_UE4.uasset" 1440
"D:/Projects/Git/Unreal/JumpyUnreal/JumpyCPP/Content/FPWeapon/Materials/MaterialLayers/ML_SoftMetal_UE4.uexp" 1441
"../../../Engine/Content/Functions/MaterialLayerFunctions/MatLayerBlend_Simple.uasset" 1442
"../../../Engine/Content/Functions/MaterialLayerFunctions/MatLayerBlend_Simple.uexp" 1443
"D:/Projects/Git/Unreal/JumpyUnreal/JumpyCPP/Content/FPWeapon/Materials/MaterialLayers/ML_Plastic_Shiny_Beige.uasset" 1444
"D:/Projects/Git/Unreal/JumpyUnreal/JumpyCPP/Content/FPWeapon/Materials/MaterialLayers/ML_Plastic_Shiny_Beige.uexp" 1445
"D:/Projects/Git/Unreal/JumpyUnreal/JumpyCPP/Content/FPWeapon/Textures/T_Pistol_N.ubulk" 1446
"D:/Projects/Git/Unreal/JumpyUnreal/JumpyCPP/Content/FPWeapon/Textures/T_Pistol_N.uasset" 1447
"D:/Projects/Git/Unreal/JumpyUnreal/JumpyCPP/Content/FPWeapon/Textures/T_Pistol_N.uexp" 1448
"D:/Projects/Git/Unreal/JumpyUnreal/JumpyCPP/Content/FPWeapon/Materials/MaterialLayers/ML_GlossyBlack_Latex_UE4.uasset" 1449
"D:/Projects/Git/Unreal/JumpyUnreal/JumpyCPP/Content/FPWeapon/Materials/MaterialLayers/ML_GlossyBlack_Latex_UE4.uexp" 1450
"D:/Projects/Git/Unreal/JumpyUnreal/JumpyCPP/Content/FPWeapon/Textures/T_Pistol_Masks.ubulk" 1451
"D:/Projects/Git/Unreal/JumpyUnreal/JumpyCPP/Content/FPWeapon/Textures/T_Pistol_Masks.uasset" 1452
"D:/Projects/Git/Unreal/JumpyUnreal/JumpyCPP/Content/FPWeapon/Textures/T_Pistol_Masks.uexp" 1453
"D:/Projects/Git/Unreal/JumpyUnreal/JumpyCPP/Content/FPWeapon/Materials/M_FPPistol.uasset" 1454
"D:/Projects/Git/Unreal/JumpyUnreal/JumpyCPP/Content/FPWeapon/Materials/M_FPPistol.uexp" 1455
"D:/Projects/Git/Unreal/JumpyUnreal/JumpyCPP/Content/FPWeapon/Mesh/SM_Pistol.ubulk" 1456
"D:/Projects/Git/Unreal/JumpyUnreal/JumpyCPP/Content/FPWeapon/Mesh/SM_Pistol.uasset" 1457
"D:/Projects/Git/Unreal/JumpyUnreal/JumpyCPP/Content/FPWeapon/Mesh/SM_Pistol.uexp" 1458
"D:/Projects/Git/Unreal/JumpyUnreal/JumpyCPP/Content/VRTemplate/Input/IMC_Weapon_Left.uasset" 1459
"D:/Projects/Git/Unreal/JumpyUnreal/JumpyCPP/Content/VRTemplate/Input/IMC_Weapon_Left.uexp" 1460
"D:/Projects/Git/Unreal/JumpyUnreal/JumpyCPP/Content/VRTemplate/Input/Actions/IA_Shoot_Right.uasset" 1461
"D:/Projects/Git/Unreal/JumpyUnreal/JumpyCPP/Content/VRTemplate/Input/Actions/IA_Shoot_Right.uexp" 1462
"D:/Projects/Git/Unreal/JumpyUnreal/JumpyCPP/Content/VRTemplate/Input/IMC_Weapon_Right.uasset" 1463
"D:/Projects/Git/Unreal/JumpyUnreal/JumpyCPP/Content/VRTemplate/Input/IMC_Weapon_Right.uexp" 1464
"D:/Projects/Git/Unreal/JumpyUnreal/JumpyCPP/Content/VRTemplate/Materials/M_Projectile.uasset" 1465
"D:/Projects/Git/Unreal/JumpyUnreal/JumpyCPP/Content/VRTemplate/Materials/M_Projectile.uexp" 1466
"D:/Projects/Git/Unreal/JumpyUnreal/JumpyCPP/Content/VRTemplate/Materials/MI_Projectile.uasset" 1467
"D:/Projects/Git/Unreal/JumpyUnreal/JumpyCPP/Content/VRTemplate/Materials/MI_Projectile.uexp" 1468
"D:/Projects/Git/Unreal/JumpyUnreal/JumpyCPP/Content/VRTemplate/Blueprints/Projectile.uasset" 1469
"D:/Projects/Git/Unreal/JumpyUnreal/JumpyCPP/Content/VRTemplate/Blueprints/Projectile.uexp" 1470
"D:/Projects/Git/Unreal/JumpyUnreal/JumpyCPP/Content/VRTemplate/Blueprints/Pistol.uasset" 1471
"D:/Projects/Git/Unreal/JumpyUnreal/JumpyCPP/Content/VRTemplate/Blueprints/Pistol.uexp" 1472
"D:/Projects/Git/Unreal/JumpyUnreal/JumpyCPP/Content/Levels/MainMap.uexp" 1473
"D:/Projects/Git/Unreal/JumpyUnreal/JumpyCPP/Content/Levels/MainMap.umap" 1474
